id, created_at, user_id, name, skill
2000,2024-03-02 05:06:17.173066+00,8a762f87-928c-4b38-ae4b-63b8c2c83a24,Mental Health,3
2001,2024-03-02 05:06:17.173066+00,8a762f87-928c-4b38-ae4b-63b8c2c83a24,Harness Racing,2
2002,2024-03-02 05:06:17.173066+00,8a762f87-928c-4b38-ae4b-63b8c2c83a24,Genetic Engineering,3
2003,2024-03-02 05:06:17.173066+00,8a762f87-928c-4b38-ae4b-63b8c2c83a24,Jungian Analysis,1
2004,2024-03-02 05:06:17.173066+00,8a762f87-928c-4b38-ae4b-63b8c2c83a24,Freestyle Football,4
2005,2024-03-02 05:06:17.173066+00,56f9b234-2023-4c2d-973a-d30019fa9dd2,Mountain Biking,2
2006,2024-03-02 05:06:17.173066+00,56f9b234-2023-4c2d-973a-d30019fa9dd2,Supermoto,2
2007,2024-03-02 05:06:17.173066+00,56f9b234-2023-4c2d-973a-d30019fa9dd2,Paragliding,1
2008,2024-03-02 05:06:17.173066+00,56f9b234-2023-4c2d-973a-d30019fa9dd2,Rock Climbing,1
2009,2024-03-02 05:06:17.173066+00,56f9b234-2023-4c2d-973a-d30019fa9dd2,Penetration Testing,1
2010,2024-03-02 05:06:17.173066+00,56f9b234-2023-4c2d-973a-d30019fa9dd2,Substance Abuse Counseling,4
2011,2024-03-02 05:06:17.173066+00,adc7fc00-2daf-4c02-a04c-eae8e2b53705,Zero Waste Lifestyle,5
2012,2024-03-02 05:06:17.173066+00,adc7fc00-2daf-4c02-a04c-eae8e2b53705,Bereavement Support Groups,1
2013,2024-03-02 05:06:17.173066+00,adc7fc00-2daf-4c02-a04c-eae8e2b53705,Harness Racing,4
2014,2024-03-02 05:06:17.173066+00,adc7fc00-2daf-4c02-a04c-eae8e2b53705,Vegetarianism,4
2015,2024-03-02 05:06:17.173066+00,dc6ecee1-9973-417d-a4cc-aa3a6ff54016,Cancer Support Groups,3
2016,2024-03-02 05:06:17.173066+00,dc6ecee1-9973-417d-a4cc-aa3a6ff54016,Logic,4
2017,2024-03-02 05:06:17.173066+00,dc6ecee1-9973-417d-a4cc-aa3a6ff54016,Appaloosa Racing,3
2018,2024-03-02 05:06:17.173066+00,dc6ecee1-9973-417d-a4cc-aa3a6ff54016,Fishing,5
2019,2024-03-02 05:06:17.173066+00,c4b20e65-5fc7-424e-806e-06635d8b4e34,Rugby Sevens,2
2020,2024-03-02 05:06:17.173066+00,c4b20e65-5fc7-424e-806e-06635d8b4e34,Soap Making,5
2021,2024-03-02 05:06:17.173066+00,c4b20e65-5fc7-424e-806e-06635d8b4e34,Genealogy,5
2022,2024-03-02 05:06:17.173066+00,c4b20e65-5fc7-424e-806e-06635d8b4e34,Mixology,4
2023,2024-03-02 05:06:17.173066+00,c4b20e65-5fc7-424e-806e-06635d8b4e34,Ice Hockey,2
2024,2024-03-02 05:06:17.173066+00,fc9d07e3-f1d7-42ef-b167-b47d1b239a86,Wrestling,5
2025,2024-03-02 05:06:17.173066+00,fc9d07e3-f1d7-42ef-b167-b47d1b239a86,Environmental Advocacy,4
2026,2024-03-02 05:06:17.173066+00,fc9d07e3-f1d7-42ef-b167-b47d1b239a86,Rappelling,3
2027,2024-03-02 05:06:17.173066+00,fc9d07e3-f1d7-42ef-b167-b47d1b239a86,Jungian Analysis,3
2028,2024-03-02 05:06:17.173066+00,f51db487-5d5c-496f-be27-25659196e951,Medical Social Work,4
2029,2024-03-02 05:06:17.173066+00,f51db487-5d5c-496f-be27-25659196e951,Magic Tricks,4
2030,2024-03-02 05:06:17.173066+00,f51db487-5d5c-496f-be27-25659196e951,Cricket,2
2031,2024-03-02 05:06:17.173066+00,f51db487-5d5c-496f-be27-25659196e951,Embedded Systems,2
2032,2024-03-02 05:06:17.173066+00,f51db487-5d5c-496f-be27-25659196e951,Domestic Violence Counseling,2
2033,2024-03-02 05:06:17.173066+00,f51db487-5d5c-496f-be27-25659196e951,Jungian Analysis,4
2034,2024-03-02 05:06:17.173066+00,6fb0cca8-a1df-4946-a1a4-894b6acca6f6,Philately,3
2035,2024-03-02 05:06:17.173066+00,6fb0cca8-a1df-4946-a1a4-894b6acca6f6,Road Cycling,1
2036,2024-03-02 05:06:17.173066+00,6fb0cca8-a1df-4946-a1a4-894b6acca6f6,Sport Climbing,1
2037,2024-03-02 05:06:17.173066+00,6fb0cca8-a1df-4946-a1a4-894b6acca6f6,Board Games,4
2038,2024-03-02 05:06:17.173066+00,471af7c0-a2ac-47a4-9070-dcd9bec1f0d8,DevOps,4
2039,2024-03-02 05:06:17.173066+00,471af7c0-a2ac-47a4-9070-dcd9bec1f0d8,Transpersonal Psychology,4
2040,2024-03-02 05:06:17.173066+00,471af7c0-a2ac-47a4-9070-dcd9bec1f0d8,Quilting,2
2041,2024-03-02 05:06:17.173066+00,471af7c0-a2ac-47a4-9070-dcd9bec1f0d8,Dirt Jumping,4
2042,2024-03-02 05:06:17.173066+00,471af7c0-a2ac-47a4-9070-dcd9bec1f0d8,Jousting,5
2043,2024-03-02 05:06:17.173066+00,881bed8c-e124-4c65-a340-ddc5ba38a22d,Free Solo Climbing,5
2044,2024-03-02 05:06:17.173066+00,881bed8c-e124-4c65-a340-ddc5ba38a22d,Fish Diving,2
2045,2024-03-02 05:06:17.173066+00,881bed8c-e124-4c65-a340-ddc5ba38a22d,Recreational Diving,2
2046,2024-03-02 05:06:17.173066+00,881bed8c-e124-4c65-a340-ddc5ba38a22d,Flatland BMX,2
2047,2024-03-02 05:06:17.173066+00,0da7129e-79e1-4aec-867b-cf96e2a32d31,Writing,1
2048,2024-03-02 05:06:17.173066+00,0da7129e-79e1-4aec-867b-cf96e2a32d31,Mountain Running,5
2049,2024-03-02 05:06:17.173066+00,0da7129e-79e1-4aec-867b-cf96e2a32d31,Analytics,1
2050,2024-03-02 05:06:17.173066+00,0da7129e-79e1-4aec-867b-cf96e2a32d31,Veganism,1
2051,2024-03-02 05:06:17.173066+00,0da7129e-79e1-4aec-867b-cf96e2a32d31,Stream Diving,2
2052,2024-03-02 05:06:17.173066+00,69d9f60f-5408-4086-8682-8e59edeaa789,Upcycling,5
2053,2024-03-02 05:06:17.173066+00,69d9f60f-5408-4086-8682-8e59edeaa789,Triathlon,4
2054,2024-03-02 05:06:17.173066+00,69d9f60f-5408-4086-8682-8e59edeaa789,Kneeboarding,2
2055,2024-03-02 05:06:17.173066+00,69d9f60f-5408-4086-8682-8e59edeaa789,Glacier Diving,2
2056,2024-03-02 05:06:17.173066+00,69d9f60f-5408-4086-8682-8e59edeaa789,Track Racing,1
2057,2024-03-02 05:06:17.173066+00,8011133f-083c-40b4-b8b8-e922b19cc116,Adoption Support Groups,3
2058,2024-03-02 05:06:17.173066+00,8011133f-083c-40b4-b8b8-e922b19cc116,Gender Equality Advocacy,3
2059,2024-03-02 05:06:17.173066+00,8011133f-083c-40b4-b8b8-e922b19cc116,Free Solo Climbing,5
2060,2024-03-02 05:06:17.173066+00,8011133f-083c-40b4-b8b8-e922b19cc116,System Administration,4
2061,2024-03-02 05:06:17.173066+00,f615ff7d-2a04-4a4a-b46d-9d63131eede2,Shrimp Diving,3
2062,2024-03-02 05:06:17.173066+00,f615ff7d-2a04-4a4a-b46d-9d63131eede2,Synchronized Skating,1
2063,2024-03-02 05:06:17.173066+00,f615ff7d-2a04-4a4a-b46d-9d63131eede2,Zero Waste Lifestyle,5
2064,2024-03-02 05:06:17.173066+00,f615ff7d-2a04-4a4a-b46d-9d63131eede2,Snowboarding,2
2065,2024-03-02 05:06:17.173066+00,9a7ec35d-e9e0-40fb-9e91-1ad7b75b697c,Adventure Racing,4
2066,2024-03-02 05:06:17.173066+00,9a7ec35d-e9e0-40fb-9e91-1ad7b75b697c,School Social Work,2
2067,2024-03-02 05:06:17.173066+00,9a7ec35d-e9e0-40fb-9e91-1ad7b75b697c,Eelgrass Diving,4
2068,2024-03-02 05:06:17.173066+00,9a7ec35d-e9e0-40fb-9e91-1ad7b75b697c,Rafting,2
2069,2024-03-02 05:06:17.173066+00,9a7ec35d-e9e0-40fb-9e91-1ad7b75b697c,Atoll Diving,3
2070,2024-03-02 05:06:17.173066+00,9a7ec35d-e9e0-40fb-9e91-1ad7b75b697c,Beekeeping,3
2071,2024-03-02 05:06:17.173066+00,cdac6200-0906-4fda-b5c9-4bc457bd6881,Quantum Physics,3
2072,2024-03-02 05:06:17.173066+00,cdac6200-0906-4fda-b5c9-4bc457bd6881,Paragliding,1
2073,2024-03-02 05:06:17.173066+00,cdac6200-0906-4fda-b5c9-4bc457bd6881,Botany,5
2074,2024-03-02 05:06:17.173066+00,cdac6200-0906-4fda-b5c9-4bc457bd6881,Wind Energy,4
2075,2024-03-02 05:06:17.173066+00,cdac6200-0906-4fda-b5c9-4bc457bd6881,Skateboarding,4
2076,2024-03-02 05:06:17.173066+00,e3ff7249-2d12-49b8-b2a9-1ddbd06c82dd,Family Therapy,1
2077,2024-03-02 05:06:17.173066+00,e3ff7249-2d12-49b8-b2a9-1ddbd06c82dd,Mountain Running,3
2078,2024-03-02 05:06:17.173066+00,e3ff7249-2d12-49b8-b2a9-1ddbd06c82dd,Data Science,4
2079,2024-03-02 05:06:17.173066+00,e3ff7249-2d12-49b8-b2a9-1ddbd06c82dd,Roller Skating,1
2080,2024-03-02 05:06:17.173066+00,e3ff7249-2d12-49b8-b2a9-1ddbd06c82dd,SEO,3
2081,2024-03-02 05:06:17.173066+00,e3ff7249-2d12-49b8-b2a9-1ddbd06c82dd,Floorball,2
2082,2024-03-02 05:06:17.173066+00,9d768967-b321-4ab9-8a82-1ae991256fca,Rocketry,4
2083,2024-03-02 05:06:17.173066+00,9d768967-b321-4ab9-8a82-1ae991256fca,Bodyboarding,1
2084,2024-03-02 05:06:17.173066+00,9d768967-b321-4ab9-8a82-1ae991256fca,Vaulting,5
2085,2024-03-02 05:06:17.173066+00,9d768967-b321-4ab9-8a82-1ae991256fca,Bouldering,2
2086,2024-03-02 05:06:17.173066+00,c2259ea8-5431-4f1f-875d-5c8841166c18,Inline Skating,1
2087,2024-03-02 05:06:17.173066+00,c2259ea8-5431-4f1f-875d-5c8841166c18,Entomology,3
2088,2024-03-02 05:06:17.173066+00,c2259ea8-5431-4f1f-875d-5c8841166c18,Database Administration,3
2089,2024-03-02 05:06:17.173066+00,c2259ea8-5431-4f1f-875d-5c8841166c18,Marketing,5
2090,2024-03-02 05:06:17.173066+00,c2259ea8-5431-4f1f-875d-5c8841166c18,Gulf Diving,2
2091,2024-03-02 05:06:17.173066+00,c2259ea8-5431-4f1f-875d-5c8841166c18,Pleasure Riding,1
2092,2024-03-02 05:06:17.173066+00,6f085288-4b05-4557-bf21-d6eb0eacbb75,Mental Health Support Groups,4
2093,2024-03-02 05:06:17.173066+00,6f085288-4b05-4557-bf21-d6eb0eacbb75,Transpersonal Psychology,1
2094,2024-03-02 05:06:17.173066+00,6f085288-4b05-4557-bf21-d6eb0eacbb75,Screenwriting,5
2095,2024-03-02 05:06:17.173066+00,6f085288-4b05-4557-bf21-d6eb0eacbb75,Caving,4
2096,2024-03-02 05:06:17.173066+00,6f085288-4b05-4557-bf21-d6eb0eacbb75,Human Rights Social Work,1
2097,2024-03-02 05:06:17.173066+00,6f085288-4b05-4557-bf21-d6eb0eacbb75,Developmental Psychology,1
2098,2024-03-02 05:06:17.173066+00,adf9d65d-b702-45c5-a434-49e9ef65cbb0,BMX,2
2099,2024-03-02 05:06:17.173066+00,adf9d65d-b702-45c5-a434-49e9ef65cbb0,Calligraphy,4
2100,2024-03-02 05:06:17.173066+00,adf9d65d-b702-45c5-a434-49e9ef65cbb0,Mountain Running,4
2101,2024-03-02 05:06:17.173066+00,adf9d65d-b702-45c5-a434-49e9ef65cbb0,Tourism,2
2102,2024-03-02 05:06:17.173066+00,adf9d65d-b702-45c5-a434-49e9ef65cbb0,Parkour,5
2103,2024-03-02 05:06:17.173066+00,adf9d65d-b702-45c5-a434-49e9ef65cbb0,Technical Diving,5
2104,2024-03-02 05:06:17.173066+00,70605663-95e6-4d18-8da3-6b4dd51024c8,Aromatherapy,5
2105,2024-03-02 05:06:17.173066+00,70605663-95e6-4d18-8da3-6b4dd51024c8,Disaster Relief,1
2106,2024-03-02 05:06:17.173066+00,70605663-95e6-4d18-8da3-6b4dd51024c8,Rainforest Diving,1
2107,2024-03-02 05:06:17.173066+00,70605663-95e6-4d18-8da3-6b4dd51024c8,Antiquing,5
2108,2024-03-02 05:06:17.173066+00,70605663-95e6-4d18-8da3-6b4dd51024c8,Deep-water Soloing,1
2109,2024-03-02 05:06:17.173066+00,70605663-95e6-4d18-8da3-6b4dd51024c8,Bouldering,2
2110,2024-03-02 05:06:17.173066+00,cf55f2d8-c45b-4c28-a08e-932538388e3f,Physical Therapy,2
2111,2024-03-02 05:06:17.173066+00,cf55f2d8-c45b-4c28-a08e-932538388e3f,Product Design,3
2112,2024-03-02 05:06:17.173066+00,cf55f2d8-c45b-4c28-a08e-932538388e3f,Folklore,3
2113,2024-03-02 05:06:17.173066+00,cf55f2d8-c45b-4c28-a08e-932538388e3f,Cycling,4
2114,2024-03-02 05:06:17.173066+00,5fd781d1-f8f6-4e9f-b2c8-67ab20bd7fef,Luge,1
2115,2024-03-02 05:06:17.173066+00,5fd781d1-f8f6-4e9f-b2c8-67ab20bd7fef,Magic: The Gathering,5
2116,2024-03-02 05:06:17.173066+00,5fd781d1-f8f6-4e9f-b2c8-67ab20bd7fef,Food Security,4
2117,2024-03-02 05:06:17.173066+00,5fd781d1-f8f6-4e9f-b2c8-67ab20bd7fef,Forensic Psychology,5
2118,2024-03-02 05:06:17.173066+00,aa440e9d-4216-4eaf-b170-c7e4989912bc,Toy Design,4
2119,2024-03-02 05:06:17.173066+00,aa440e9d-4216-4eaf-b170-c7e4989912bc,Skiing,1
2120,2024-03-02 05:06:17.173066+00,aa440e9d-4216-4eaf-b170-c7e4989912bc,Ironman,4
2121,2024-03-02 05:06:17.173066+00,aa440e9d-4216-4eaf-b170-c7e4989912bc,Blacksmithing,2
2122,2024-03-02 05:06:17.173066+00,aa440e9d-4216-4eaf-b170-c7e4989912bc,Weightlifting,2
2123,2024-03-02 05:06:17.173066+00,aa440e9d-4216-4eaf-b170-c7e4989912bc,Ecotourism,1
2124,2024-03-02 05:06:17.173066+00,187e37e7-1d85-46dc-bce6-e5699c93f45b,Blacksmithing,3
2125,2024-03-02 05:06:17.173066+00,187e37e7-1d85-46dc-bce6-e5699c93f45b,Women's Support Groups,5
2126,2024-03-02 05:06:17.173066+00,187e37e7-1d85-46dc-bce6-e5699c93f45b,Sustainability,1
2127,2024-03-02 05:06:17.173066+00,187e37e7-1d85-46dc-bce6-e5699c93f45b,Poetry,4
2128,2024-03-02 05:06:17.173066+00,187e37e7-1d85-46dc-bce6-e5699c93f45b,Ice Climbing,5
2129,2024-03-02 05:06:17.173066+00,1e822272-5718-4f56-8412-bbd92dd9e8b3,Antarctic Diving,3
2130,2024-03-02 05:06:17.173066+00,1e822272-5718-4f56-8412-bbd92dd9e8b3,Ziplining,5
2131,2024-03-02 05:06:17.173066+00,1e822272-5718-4f56-8412-bbd92dd9e8b3,Table Tennis,4
2132,2024-03-02 05:06:17.173066+00,1e822272-5718-4f56-8412-bbd92dd9e8b3,Environmental Advocacy,5
2133,2024-03-02 05:06:17.173066+00,e7df641b-5aa4-4160-9455-28f26c93f631,Tie-down Roping,1
2134,2024-03-02 05:06:17.173066+00,e7df641b-5aa4-4160-9455-28f26c93f631,Poetry,5
2135,2024-03-02 05:06:17.173066+00,e7df641b-5aa4-4160-9455-28f26c93f631,Sport Climbing,1
2136,2024-03-02 05:06:17.173066+00,e7df641b-5aa4-4160-9455-28f26c93f631,Kayaking,2
2137,2024-03-02 05:06:17.173066+00,d52c618a-0a92-4f00-bc10-66141f24404d,Pattern Making,1
2138,2024-03-02 05:06:17.173066+00,d52c618a-0a92-4f00-bc10-66141f24404d,IndyCar,1
2139,2024-03-02 05:06:17.173066+00,d52c618a-0a92-4f00-bc10-66141f24404d,Nuclear Energy,2
2140,2024-03-02 05:06:17.173066+00,d52c618a-0a92-4f00-bc10-66141f24404d,Humanistic Therapy,3
2141,2024-03-02 05:06:17.173066+00,d52c618a-0a92-4f00-bc10-66141f24404d,Bungee Jumping,3
2142,2024-03-02 05:06:17.173066+00,c4fa50f4-b261-465e-a23b-ef3059af679e,IndyCar,1
2143,2024-03-02 05:06:17.173066+00,c4fa50f4-b261-465e-a23b-ef3059af679e,Sales,3
2144,2024-03-02 05:06:17.173066+00,c4fa50f4-b261-465e-a23b-ef3059af679e,Reproductive Health,4
2145,2024-03-02 05:06:17.173066+00,c4fa50f4-b261-465e-a23b-ef3059af679e,Rock Climbing,1
2146,2024-03-02 05:06:17.173066+00,c4fa50f4-b261-465e-a23b-ef3059af679e,Adoption Support Groups,3
2147,2024-03-02 05:06:17.173066+00,c4fa50f4-b261-465e-a23b-ef3059af679e,Soccer,4
2148,2024-03-02 05:06:17.173066+00,b84a9efb-6371-4bb6-b167-385d0491c96c,Animation,3
2149,2024-03-02 05:06:17.173066+00,b84a9efb-6371-4bb6-b167-385d0491c96c,Wakeboarding,5
2150,2024-03-02 05:06:17.173066+00,b84a9efb-6371-4bb6-b167-385d0491c96c,Mixed Climbing,4
2151,2024-03-02 05:06:17.173066+00,b84a9efb-6371-4bb6-b167-385d0491c96c,Soap Making,2
2152,2024-03-02 05:06:17.173066+00,b84a9efb-6371-4bb6-b167-385d0491c96c,Public Health,2
2153,2024-03-02 05:06:17.173066+00,b84a9efb-6371-4bb6-b167-385d0491c96c,Massage Therapy,2
2154,2024-03-02 05:06:17.173066+00,834e1188-08c4-472e-bdb7-188fc031070a,Speleology,2
2155,2024-03-02 05:06:17.173066+00,834e1188-08c4-472e-bdb7-188fc031070a,Disability Rights Advocacy,1
2156,2024-03-02 05:06:17.173066+00,834e1188-08c4-472e-bdb7-188fc031070a,Meteorology,3
2157,2024-03-02 05:06:17.173066+00,834e1188-08c4-472e-bdb7-188fc031070a,Snowboarding,2
2158,2024-03-02 05:06:17.173066+00,834e1188-08c4-472e-bdb7-188fc031070a,Kickball,4
2159,2024-03-02 05:06:17.173066+00,14610b5f-56ed-496d-8b23-8537d1aba999,Puzzle Design,2
2160,2024-03-02 05:06:17.173066+00,14610b5f-56ed-496d-8b23-8537d1aba999,Blockchain,2
2161,2024-03-02 05:06:17.173066+00,14610b5f-56ed-496d-8b23-8537d1aba999,Military Social Work,4
2162,2024-03-02 05:06:17.173066+00,14610b5f-56ed-496d-8b23-8537d1aba999,Standardbred Racing,5
2163,2024-03-02 05:06:17.173066+00,14610b5f-56ed-496d-8b23-8537d1aba999,Psychoanalysis,3
2164,2024-03-02 05:06:17.173066+00,14610b5f-56ed-496d-8b23-8537d1aba999,Rally Racing,1
2165,2024-03-02 05:06:17.173066+00,0d6e7641-94aa-4601-a638-11117bce6071,White Water Rafting,2
2166,2024-03-02 05:06:17.173066+00,0d6e7641-94aa-4601-a638-11117bce6071,Automation,5
2167,2024-03-02 05:06:17.173066+00,0d6e7641-94aa-4601-a638-11117bce6071,Tricking,5
2168,2024-03-02 05:06:17.173066+00,0d6e7641-94aa-4601-a638-11117bce6071,Slalom Skateboarding,1
2169,2024-03-02 05:06:17.173066+00,f80d25dc-3299-4c10-bbc0-d6f33e84dd70,Road Racing,1
2170,2024-03-02 05:06:17.173066+00,f80d25dc-3299-4c10-bbc0-d6f33e84dd70,Collecting,3
2171,2024-03-02 05:06:17.173066+00,f80d25dc-3299-4c10-bbc0-d6f33e84dd70,Vlogging,5
2172,2024-03-02 05:06:17.173066+00,f80d25dc-3299-4c10-bbc0-d6f33e84dd70,LGBTQ+ Support Groups,5
2173,2024-03-02 05:06:17.173066+00,f80d25dc-3299-4c10-bbc0-d6f33e84dd70,Gestalt Therapy,3
2174,2024-03-02 05:06:17.173066+00,ec07ad2b-13a6-4f2e-857a-fbf6e4b43e6a,Candle Making,4
2175,2024-03-02 05:06:17.173066+00,ec07ad2b-13a6-4f2e-857a-fbf6e4b43e6a,Skydiving,2
2176,2024-03-02 05:06:17.173066+00,ec07ad2b-13a6-4f2e-857a-fbf6e4b43e6a,Track Cycling,5
2177,2024-03-02 05:06:17.173066+00,ec07ad2b-13a6-4f2e-857a-fbf6e4b43e6a,Caving,2
2178,2024-03-02 05:06:17.173066+00,9154d814-b687-4499-b93a-2fb3d8c4f7a1,River Diving,3
2179,2024-03-02 05:06:17.173066+00,9154d814-b687-4499-b93a-2fb3d8c4f7a1,Landscape Architecture,2
2180,2024-03-02 05:06:17.173066+00,9154d814-b687-4499-b93a-2fb3d8c4f7a1,Botany,5
2181,2024-03-02 05:06:17.173066+00,9154d814-b687-4499-b93a-2fb3d8c4f7a1,Geriatric Psychology,1
2182,2024-03-02 05:06:17.173066+00,c2cda36f-cdb8-4dc5-a906-59493edbb9be,Obstacle Course Racing,1
2183,2024-03-02 05:06:17.173066+00,c2cda36f-cdb8-4dc5-a906-59493edbb9be,Paragliding,4
2184,2024-03-02 05:06:17.173066+00,c2cda36f-cdb8-4dc5-a906-59493edbb9be,Mountain Biking,1
2185,2024-03-02 05:06:17.173066+00,c2cda36f-cdb8-4dc5-a906-59493edbb9be,Child Psychology,3
2186,2024-03-02 05:06:17.173066+00,c2cda36f-cdb8-4dc5-a906-59493edbb9be,3D Printing,4
2187,2024-03-02 05:06:17.173066+00,413dc051-1e3d-4310-a4ea-f113687ea4e6,Rock Climbing,1
2188,2024-03-02 05:06:17.173066+00,413dc051-1e3d-4310-a4ea-f113687ea4e6,Fish Diving,1
2189,2024-03-02 05:06:17.173066+00,413dc051-1e3d-4310-a4ea-f113687ea4e6,Corporate Social Responsibility,4
2190,2024-03-02 05:06:17.173066+00,413dc051-1e3d-4310-a4ea-f113687ea4e6,Cosplay,2
2191,2024-03-02 05:06:17.173066+00,413dc051-1e3d-4310-a4ea-f113687ea4e6,Cycling,2
2192,2024-03-02 05:06:17.173066+00,413dc051-1e3d-4310-a4ea-f113687ea4e6,Home Improvement,3
2193,2024-03-02 05:06:17.173066+00,07bb8507-c987-4054-afa9-ef8f2aedfa3f,Raspberry Pi,1
2194,2024-03-02 05:06:17.173066+00,07bb8507-c987-4054-afa9-ef8f2aedfa3f,Cuttlefish Diving,2
2195,2024-03-02 05:06:17.173066+00,07bb8507-c987-4054-afa9-ef8f2aedfa3f,Numismatics,2
2196,2024-03-02 05:06:17.173066+00,07bb8507-c987-4054-afa9-ef8f2aedfa3f,Lobster Diving,2
2197,2024-03-02 05:06:17.173066+00,07bb8507-c987-4054-afa9-ef8f2aedfa3f,3D Printing,4
2198,2024-03-02 05:06:17.173066+00,07bb8507-c987-4054-afa9-ef8f2aedfa3f,Biotechnology,3
2199,2024-03-02 05:06:17.173066+00,076fa28c-9662-4028-bcdd-e56090deff70,Stock Trading,4
2200,2024-03-02 05:06:17.173066+00,076fa28c-9662-4028-bcdd-e56090deff70,Seamount Diving,3
2201,2024-03-02 05:06:17.173066+00,076fa28c-9662-4028-bcdd-e56090deff70,Ranch Sorting,4
2202,2024-03-02 05:06:17.173066+00,076fa28c-9662-4028-bcdd-e56090deff70,Cognitive Psychology,1
2203,2024-03-02 05:06:17.173066+00,076fa28c-9662-4028-bcdd-e56090deff70,Cocktail Making,4
2204,2024-03-02 05:06:17.173066+00,076fa28c-9662-4028-bcdd-e56090deff70,Vlogging,5
2205,2024-03-02 05:06:17.173066+00,d68fbce2-2e90-473e-a8df-907e33dc0712,Mountain Running,2
2206,2024-03-02 05:06:17.173066+00,d68fbce2-2e90-473e-a8df-907e33dc0712,Pilates,4
2207,2024-03-02 05:06:17.173066+00,d68fbce2-2e90-473e-a8df-907e33dc0712,Barrel Racing,4
2208,2024-03-02 05:06:17.173066+00,d68fbce2-2e90-473e-a8df-907e33dc0712,Mountain Racing,4
2209,2024-03-02 05:06:17.173066+00,d68fbce2-2e90-473e-a8df-907e33dc0712,Marketing,1
2210,2024-03-02 05:06:17.173066+00,466fa69e-d2d3-43ea-833c-07333075533c,Trials Riding,1
2211,2024-03-02 05:06:17.173066+00,466fa69e-d2d3-43ea-833c-07333075533c,Playwriting,3
2212,2024-03-02 05:06:17.173066+00,466fa69e-d2d3-43ea-833c-07333075533c,Car Mechanics,2
2213,2024-03-02 05:06:17.173066+00,466fa69e-d2d3-43ea-833c-07333075533c,Numerology,2
2214,2024-03-02 05:06:17.173066+00,3d64aafb-25d7-4898-b490-dc82b84b468e,Playwriting,2
2215,2024-03-02 05:06:17.173066+00,3d64aafb-25d7-4898-b490-dc82b84b468e,Trials Riding,4
2216,2024-03-02 05:06:17.173066+00,3d64aafb-25d7-4898-b490-dc82b84b468e,Charreada,5
2217,2024-03-02 05:06:17.173066+00,3d64aafb-25d7-4898-b490-dc82b84b468e,Jellyfish Diving,4
2218,2024-03-02 05:06:17.173066+00,3d64aafb-25d7-4898-b490-dc82b84b468e,Cosmetic Making,5
2219,2024-03-02 05:06:17.173066+00,7a9ac035-7e60-4b39-90f9-a227ffa348a7,Divorce Counseling,2
2220,2024-03-02 05:06:17.173066+00,7a9ac035-7e60-4b39-90f9-a227ffa348a7,Barrel Racing,2
2221,2024-03-02 05:06:17.173066+00,7a9ac035-7e60-4b39-90f9-a227ffa348a7,Longlining,4
2222,2024-03-02 05:06:17.173066+00,7a9ac035-7e60-4b39-90f9-a227ffa348a7,Kiteboarding,2
2223,2024-03-02 05:06:17.173066+00,7a9ac035-7e60-4b39-90f9-a227ffa348a7,Coffee Roasting,3
2224,2024-03-02 05:06:17.173066+00,7a9ac035-7e60-4b39-90f9-a227ffa348a7,Freestyle Roller Skating,1
2225,2024-03-02 05:06:17.173066+00,e680e3c0-7431-43db-8a4e-98302fcd7358,Child Abuse Counseling,1
2226,2024-03-02 05:06:17.173066+00,e680e3c0-7431-43db-8a4e-98302fcd7358,Deep Diving,5
2227,2024-03-02 05:06:17.173066+00,e680e3c0-7431-43db-8a4e-98302fcd7358,Metalworking,4
2228,2024-03-02 05:06:17.173066+00,e680e3c0-7431-43db-8a4e-98302fcd7358,Social Media,5
2229,2024-03-02 05:06:17.173066+00,e680e3c0-7431-43db-8a4e-98302fcd7358,Leatherworking,4
2230,2024-03-02 05:06:17.173066+00,a871a64c-dac7-4215-a335-5b30bf5ef986,Sports Psychology,3
2231,2024-03-02 05:06:17.173066+00,a871a64c-dac7-4215-a335-5b30bf5ef986,Journalism,2
2232,2024-03-02 05:06:17.173066+00,a871a64c-dac7-4215-a335-5b30bf5ef986,Photography,2
2233,2024-03-02 05:06:17.173066+00,a871a64c-dac7-4215-a335-5b30bf5ef986,Substance Abuse Counseling,5
2234,2024-03-02 05:06:17.173066+00,a871a64c-dac7-4215-a335-5b30bf5ef986,Translation,4
2235,2024-03-02 05:06:17.173066+00,44b6e92c-df53-4a1f-ad90-59ecc1949715,Pattern Making,2
2236,2024-03-02 05:06:17.173066+00,44b6e92c-df53-4a1f-ad90-59ecc1949715,Goat Tying,2
2237,2024-03-02 05:06:17.173066+00,44b6e92c-df53-4a1f-ad90-59ecc1949715,Rope Climbing,4
2238,2024-03-02 05:06:17.173066+00,44b6e92c-df53-4a1f-ad90-59ecc1949715,Show Jumping,5
2239,2024-03-02 05:06:17.173066+00,44b6e92c-df53-4a1f-ad90-59ecc1949715,Iceberg Diving,3
2240,2024-03-02 05:06:17.173066+00,7c917be5-260d-49ac-874c-43bee738ef3f,Motorcycle Mechanics,1
2241,2024-03-02 05:06:17.173066+00,7c917be5-260d-49ac-874c-43bee738ef3f,Cognitive Behavioral Therapy,2
2242,2024-03-02 05:06:17.173066+00,7c917be5-260d-49ac-874c-43bee738ef3f,Public Relations,2
2243,2024-03-02 05:06:17.173066+00,7c917be5-260d-49ac-874c-43bee738ef3f,Event Planning,3
2244,2024-03-02 05:06:17.173066+00,7c917be5-260d-49ac-874c-43bee738ef3f,Ice Climbing,3
2245,2024-03-02 05:06:17.173066+00,318a5f63-e427-4a00-ac18-a0e4dd864f7b,Body Image Counseling,2
2246,2024-03-02 05:06:17.173066+00,318a5f63-e427-4a00-ac18-a0e4dd864f7b,Database Administration,1
2247,2024-03-02 05:06:17.173066+00,318a5f63-e427-4a00-ac18-a0e4dd864f7b,Reining,2
2248,2024-03-02 05:06:17.173066+00,318a5f63-e427-4a00-ac18-a0e4dd864f7b,Seal Diving,3
2249,2024-03-02 05:06:17.173066+00,318a5f63-e427-4a00-ac18-a0e4dd864f7b,Rugby League,3
2250,2024-03-02 05:06:17.173066+00,7277f696-eacc-449f-b309-16707b7b81ae,Economics,2
2251,2024-03-02 05:06:17.173066+00,7277f696-eacc-449f-b309-16707b7b81ae,Travel,4
2252,2024-03-02 05:06:17.173066+00,7277f696-eacc-449f-b309-16707b7b81ae,Aesthetics,2
2253,2024-03-02 05:06:17.173066+00,7277f696-eacc-449f-b309-16707b7b81ae,Mountain Running,3
2254,2024-03-02 05:06:17.173066+00,7277f696-eacc-449f-b309-16707b7b81ae,Kayaking,4
2255,2024-03-02 05:06:17.173066+00,3bccf24e-b22f-4b08-b2c5-b82255275767,Policy Social Work,4
2256,2024-03-02 05:06:17.173066+00,3bccf24e-b22f-4b08-b2c5-b82255275767,Blogging,3
2257,2024-03-02 05:06:17.173066+00,3bccf24e-b22f-4b08-b2c5-b82255275767,Cosplay,1
2258,2024-03-02 05:06:17.173066+00,3bccf24e-b22f-4b08-b2c5-b82255275767,Quarter Horse Racing,3
2259,2024-03-02 05:06:17.173066+00,3bccf24e-b22f-4b08-b2c5-b82255275767,Database Administration,2
2260,2024-03-02 05:06:17.173066+00,0b238d37-f5eb-4041-826f-db05e4ba15ca,Crisis Intervention,5
2261,2024-03-02 05:06:17.173066+00,0b238d37-f5eb-4041-826f-db05e4ba15ca,Highlining,1
2262,2024-03-02 05:06:17.173066+00,0b238d37-f5eb-4041-826f-db05e4ba15ca,Speed Skating,5
2263,2024-03-02 05:06:17.173066+00,0b238d37-f5eb-4041-826f-db05e4ba15ca,Industrial Design,2
2264,2024-03-02 05:06:17.173066+00,0b238d37-f5eb-4041-826f-db05e4ba15ca,Figure Skating,4
2265,2024-03-02 05:06:17.173066+00,0b238d37-f5eb-4041-826f-db05e4ba15ca,Transpersonal Psychology,1
2266,2024-03-02 05:06:17.173066+00,3eed974e-4198-4067-a0af-84b9542a0a68,Seal Diving,1
2267,2024-03-02 05:06:17.173066+00,3eed974e-4198-4067-a0af-84b9542a0a68,Nuclear Energy,3
2268,2024-03-02 05:06:17.173066+00,3eed974e-4198-4067-a0af-84b9542a0a68,Landscape Architecture,5
2269,2024-03-02 05:06:17.173066+00,3eed974e-4198-4067-a0af-84b9542a0a68,Substance Abuse Support Groups,2
2270,2024-03-02 05:06:17.173066+00,3eed974e-4198-4067-a0af-84b9542a0a68,Deep-water Soloing,1
2271,2024-03-02 05:06:17.173066+00,3eed974e-4198-4067-a0af-84b9542a0a68,Aid Climbing,5
2272,2024-03-02 05:06:17.173066+00,cddafc8f-4d25-48bc-ace9-1d1baf2b430e,Retro Gaming,3
2273,2024-03-02 05:06:17.173066+00,cddafc8f-4d25-48bc-ace9-1d1baf2b430e,Genealogy,1
2274,2024-03-02 05:06:17.173066+00,cddafc8f-4d25-48bc-ace9-1d1baf2b430e,Animation,3
2275,2024-03-02 05:06:17.173066+00,cddafc8f-4d25-48bc-ace9-1d1baf2b430e,Rafting,5
2276,2024-03-02 05:06:17.173066+00,cddafc8f-4d25-48bc-ace9-1d1baf2b430e,Bay Diving,5
2277,2024-03-02 05:06:17.173066+00,569473af-9912-4178-ab1c-2004d115aee5,Astronomy,3
2278,2024-03-02 05:06:17.173066+00,569473af-9912-4178-ab1c-2004d115aee5,Collecting,3
2279,2024-03-02 05:06:17.173066+00,569473af-9912-4178-ab1c-2004d115aee5,Urban Planning,5
2280,2024-03-02 05:06:17.173066+00,569473af-9912-4178-ab1c-2004d115aee5,Particle Physics,5
2281,2024-03-02 05:06:17.173066+00,91822b7d-bcf1-4504-88e9-11dd24920b20,Football,2
2282,2024-03-02 05:06:17.173066+00,91822b7d-bcf1-4504-88e9-11dd24920b20,UI/UX Design,4
2283,2024-03-02 05:06:17.173066+00,91822b7d-bcf1-4504-88e9-11dd24920b20,Educational Psychology,3
2284,2024-03-02 05:06:17.173066+00,91822b7d-bcf1-4504-88e9-11dd24920b20,Beekeeping,2
2285,2024-03-02 05:06:17.173066+00,91822b7d-bcf1-4504-88e9-11dd24920b20,PC Gaming,5
2286,2024-03-02 05:06:17.173066+00,e1281750-b835-49f5-a9db-a2e7751ad19d,Yoga,2
2287,2024-03-02 05:06:17.173066+00,e1281750-b835-49f5-a9db-a2e7751ad19d,Cycling,2
2288,2024-03-02 05:06:17.173066+00,e1281750-b835-49f5-a9db-a2e7751ad19d,Recycling,5
2289,2024-03-02 05:06:17.173066+00,e1281750-b835-49f5-a9db-a2e7751ad19d,Figure Skating,2
2290,2024-03-02 05:06:17.173066+00,4a6b8b8f-c153-4643-afbd-b5cd34a8b939,Advertising,2
2291,2024-03-02 05:06:17.173066+00,4a6b8b8f-c153-4643-afbd-b5cd34a8b939,Ziplining,1
2292,2024-03-02 05:06:17.173066+00,4a6b8b8f-c153-4643-afbd-b5cd34a8b939,Editing,2
2293,2024-03-02 05:06:17.173066+00,4a6b8b8f-c153-4643-afbd-b5cd34a8b939,Advocacy Social Work,3
2294,2024-03-02 05:06:17.173066+00,4a6b8b8f-c153-4643-afbd-b5cd34a8b939,Crab Diving,3
2295,2024-03-02 05:06:17.173066+00,4a6b8b8f-c153-4643-afbd-b5cd34a8b939,Public Relations,5
2296,2024-03-02 05:06:17.173066+00,bc40d02c-9bcb-48b6-9a09-784bdc91a494,Lobster Diving,5
2297,2024-03-02 05:06:17.173066+00,bc40d02c-9bcb-48b6-9a09-784bdc91a494,Photography,4
2298,2024-03-02 05:06:17.173066+00,bc40d02c-9bcb-48b6-9a09-784bdc91a494,Lagoon Diving,3
2299,2024-03-02 05:06:17.173066+00,bc40d02c-9bcb-48b6-9a09-784bdc91a494,Technical Writing,4
2300,2024-03-02 05:06:17.173066+00,7a9d67d6-2ad8-44ef-9941-c6f948658a2c,Machine Learning,5
2301,2024-03-02 05:06:17.173066+00,7a9d67d6-2ad8-44ef-9941-c6f948658a2c,DIY Projects,1
2302,2024-03-02 05:06:17.173066+00,7a9d67d6-2ad8-44ef-9941-c6f948658a2c,Bungee Jumping,3
2303,2024-03-02 05:06:17.173066+00,7a9d67d6-2ad8-44ef-9941-c6f948658a2c,Cloning,5
2304,2024-03-02 05:06:17.173066+00,7a9d67d6-2ad8-44ef-9941-c6f948658a2c,Storyboarding,3
2305,2024-03-02 05:06:17.173066+00,7a9d67d6-2ad8-44ef-9941-c6f948658a2c,Hydrofoil Surfing,4
2306,2024-03-02 05:06:17.173066+00,fd5658ef-3c71-4fdf-b26c-0ddff10b6e52,Leatherworking,1
2307,2024-03-02 05:06:17.173066+00,fd5658ef-3c71-4fdf-b26c-0ddff10b6e52,Game Development,4
2308,2024-03-02 05:06:17.173066+00,fd5658ef-3c71-4fdf-b26c-0ddff10b6e52,Sexual Health,2
2309,2024-03-02 05:06:17.173066+00,fd5658ef-3c71-4fdf-b26c-0ddff10b6e52,Golf,2
2310,2024-03-02 05:06:17.173066+00,fd5658ef-3c71-4fdf-b26c-0ddff10b6e52,Fashion Styling,1
2311,2024-03-02 05:06:17.173066+00,fd5658ef-3c71-4fdf-b26c-0ddff10b6e52,Woodworking,1
2312,2024-03-02 05:06:17.173066+00,ddb7e92e-543b-453b-8e70-280d4defa3c5,Psychodrama,5
2313,2024-03-02 05:06:17.173066+00,ddb7e92e-543b-453b-8e70-280d4defa3c5,Swimming,3
2314,2024-03-02 05:06:17.173066+00,ddb7e92e-543b-453b-8e70-280d4defa3c5,Swamp Diving,2
2315,2024-03-02 05:06:17.173066+00,ddb7e92e-543b-453b-8e70-280d4defa3c5,Playing an Instrument,5
2316,2024-03-02 05:06:17.173066+00,65b552dd-04f0-4c1a-bf4a-5cb279616147,BMX,2
2317,2024-03-02 05:06:17.173066+00,65b552dd-04f0-4c1a-bf4a-5cb279616147,Speed Skating,1
2318,2024-03-02 05:06:17.173066+00,65b552dd-04f0-4c1a-bf4a-5cb279616147,Vlogging,3
2319,2024-03-02 05:06:17.173066+00,65b552dd-04f0-4c1a-bf4a-5cb279616147,Vert BMX,5
2320,2024-03-02 05:06:17.173066+00,dd173781-0976-44a7-992a-b4a0958221c0,Parasailing,1
2321,2024-03-02 05:06:17.173066+00,dd173781-0976-44a7-992a-b4a0958221c0,Comparative Psychology,3
2322,2024-03-02 05:06:17.173066+00,dd173781-0976-44a7-992a-b4a0958221c0,Humanistic Therapy,4
2323,2024-03-02 05:06:17.173066+00,dd173781-0976-44a7-992a-b4a0958221c0,Road Racing,1
2324,2024-03-02 05:06:17.173066+00,dd173781-0976-44a7-992a-b4a0958221c0,Adult Psychology,3
2325,2024-03-02 05:06:17.173066+00,dd173781-0976-44a7-992a-b4a0958221c0,Artistic Cycling,2
2326,2024-03-02 05:06:17.173066+00,51a92957-18f8-4298-b2f9-22b8b0398913,Internet of Things,4
2327,2024-03-02 05:06:17.173066+00,51a92957-18f8-4298-b2f9-22b8b0398913,Data Science,1
2328,2024-03-02 05:06:17.173066+00,51a92957-18f8-4298-b2f9-22b8b0398913,Puzzle Design,5
2329,2024-03-02 05:06:17.173066+00,51a92957-18f8-4298-b2f9-22b8b0398913,Skydiving,1
2330,2024-03-02 05:06:17.173066+00,b14282db-926a-49ce-8110-af88429d2402,Surfing,1
2331,2024-03-02 05:06:17.173066+00,b14282db-926a-49ce-8110-af88429d2402,Podcasting,4
2332,2024-03-02 05:06:17.173066+00,b14282db-926a-49ce-8110-af88429d2402,Fashion Design,2
2333,2024-03-02 05:06:17.173066+00,b14282db-926a-49ce-8110-af88429d2402,Cycle Speedway,2
2334,2024-03-02 05:06:17.173066+00,b14282db-926a-49ce-8110-af88429d2402,Anthropology,2
2335,2024-03-02 05:06:17.173066+00,64dfd9f1-c767-4669-a4d3-f8db99a99368,Pottery,4
2336,2024-03-02 05:06:17.173066+00,64dfd9f1-c767-4669-a4d3-f8db99a99368,PC Gaming,5
2337,2024-03-02 05:06:17.173066+00,64dfd9f1-c767-4669-a4d3-f8db99a99368,Nanotechnology,3
2338,2024-03-02 05:06:17.173066+00,64dfd9f1-c767-4669-a4d3-f8db99a99368,Woodworking,5
2339,2024-03-02 05:06:17.173066+00,64dfd9f1-c767-4669-a4d3-f8db99a99368,Veterans' Support Groups,5
2340,2024-03-02 05:06:17.173066+00,64dfd9f1-c767-4669-a4d3-f8db99a99368,Freestyle Motocross,5
2341,2024-03-02 05:06:17.173066+00,dea2a1af-4723-47ff-a91b-238eeb448cc6,Psychoanalysis,4
2342,2024-03-02 05:06:17.173066+00,dea2a1af-4723-47ff-a91b-238eeb448cc6,Social Justice Advocacy,4
2343,2024-03-02 05:06:17.173066+00,dea2a1af-4723-47ff-a91b-238eeb448cc6,Slalom Skateboarding,1
2344,2024-03-02 05:06:17.173066+00,dea2a1af-4723-47ff-a91b-238eeb448cc6,Cyclocross,5
2345,2024-03-02 05:06:17.173066+00,dea2a1af-4723-47ff-a91b-238eeb448cc6,Footvolley,3
2346,2024-03-02 05:06:17.173066+00,dea2a1af-4723-47ff-a91b-238eeb448cc6,Domestic Violence Support Groups,3
2347,2024-03-02 05:06:17.173066+00,4c2ec234-e83a-471b-94c1-97f09bf2abd9,Journalism,5
2348,2024-03-02 05:06:17.173066+00,4c2ec234-e83a-471b-94c1-97f09bf2abd9,Sandboarding,3
2349,2024-03-02 05:06:17.173066+00,4c2ec234-e83a-471b-94c1-97f09bf2abd9,Augmented Reality,1
2350,2024-03-02 05:06:17.173066+00,4c2ec234-e83a-471b-94c1-97f09bf2abd9,Card Game Design,2
2351,2024-03-02 05:06:17.173066+00,44706e2b-7b4c-411b-b394-5e0e7be35bff,Microfinance,1
2352,2024-03-02 05:06:17.173066+00,44706e2b-7b4c-411b-b394-5e0e7be35bff,Zero Waste Lifestyle,5
2353,2024-03-02 05:06:17.173066+00,44706e2b-7b4c-411b-b394-5e0e7be35bff,Gambling Addiction Counseling,4
2354,2024-03-02 05:06:17.173066+00,44706e2b-7b4c-411b-b394-5e0e7be35bff,Basketball,5
2355,2024-03-02 05:06:17.173066+00,492f5a98-7fc0-47fc-988f-9816c994b3de,Children's Rights Advocacy,2
2356,2024-03-02 05:06:17.173066+00,492f5a98-7fc0-47fc-988f-9816c994b3de,Automotive Design,5
2357,2024-03-02 05:06:17.173066+00,492f5a98-7fc0-47fc-988f-9816c994b3de,Astrology,3
2358,2024-03-02 05:06:17.173066+00,492f5a98-7fc0-47fc-988f-9816c994b3de,DIY Projects,1
2359,2024-03-02 05:06:17.173066+00,492f5a98-7fc0-47fc-988f-9816c994b3de,Flag Football,1
2360,2024-03-02 05:06:17.173066+00,5941153f-fcc0-4abd-9f1a-bfd42bbd7ebd,Pattern Making,4
2361,2024-03-02 05:06:17.173066+00,5941153f-fcc0-4abd-9f1a-bfd42bbd7ebd,Scuba Diving,1
2362,2024-03-02 05:06:17.173066+00,5941153f-fcc0-4abd-9f1a-bfd42bbd7ebd,Woodworking,2
2363,2024-03-02 05:06:17.173066+00,5941153f-fcc0-4abd-9f1a-bfd42bbd7ebd,Quilting,5
2364,2024-03-02 05:06:17.173066+00,5941153f-fcc0-4abd-9f1a-bfd42bbd7ebd,Vert Skateboarding,3
2365,2024-03-02 05:06:17.173066+00,5941153f-fcc0-4abd-9f1a-bfd42bbd7ebd,Gambling Addiction Counseling,3
2366,2024-03-02 05:06:17.173066+00,3c8c72ef-763b-4c75-ab34-3ec82e0f2f84,Stoolball,3
2367,2024-03-02 05:06:17.173066+00,3c8c72ef-763b-4c75-ab34-3ec82e0f2f84,Neuropsychology,1
2368,2024-03-02 05:06:17.173066+00,3c8c72ef-763b-4c75-ab34-3ec82e0f2f84,Weightlifting,4
2369,2024-03-02 05:06:17.173066+00,3c8c72ef-763b-4c75-ab34-3ec82e0f2f84,Philosophy,4
2370,2024-03-02 05:06:17.173066+00,3c8c72ef-763b-4c75-ab34-3ec82e0f2f84,Comparative Religion,5
2371,2024-03-02 05:06:17.173066+00,3c8c72ef-763b-4c75-ab34-3ec82e0f2f84,Archery,3
2372,2024-03-02 05:06:17.173066+00,c037dd2b-a74e-4aaf-84bb-057f7ee42f74,Puzzle Design,4
2373,2024-03-02 05:06:17.173066+00,c037dd2b-a74e-4aaf-84bb-057f7ee42f74,Tent Pegging,2
2374,2024-03-02 05:06:17.173066+00,c037dd2b-a74e-4aaf-84bb-057f7ee42f74,Sea Diving,1
2375,2024-03-02 05:06:17.173066+00,c037dd2b-a74e-4aaf-84bb-057f7ee42f74,Skyrunning,4
2376,2024-03-02 05:06:17.173066+00,2c9f6775-1c3d-4ab9-8767-54ffa5279bc0,Sexual Health,1
2377,2024-03-02 05:06:17.173066+00,2c9f6775-1c3d-4ab9-8767-54ffa5279bc0,Shrimp Diving,5
2378,2024-03-02 05:06:17.173066+00,2c9f6775-1c3d-4ab9-8767-54ffa5279bc0,Mythology,3
2379,2024-03-02 05:06:17.173066+00,2c9f6775-1c3d-4ab9-8767-54ffa5279bc0,Obstacle Course Racing,3
2380,2024-03-02 05:06:17.173066+00,2c9f6775-1c3d-4ab9-8767-54ffa5279bc0,Clinical Social Work,3
2381,2024-03-02 05:06:17.173066+00,2c9f6775-1c3d-4ab9-8767-54ffa5279bc0,Track Cycling,2
2382,2024-03-02 05:06:17.173066+00,3e5b61b3-ad12-48f8-9c3c-4d1fd6a50b08,Touch Football,5
2383,2024-03-02 05:06:17.173066+00,3e5b61b3-ad12-48f8-9c3c-4d1fd6a50b08,Rainforest Diving,5
2384,2024-03-02 05:06:17.173066+00,3e5b61b3-ad12-48f8-9c3c-4d1fd6a50b08,Polo,2
2385,2024-03-02 05:06:17.173066+00,3e5b61b3-ad12-48f8-9c3c-4d1fd6a50b08,Logic,3
2386,2024-03-02 05:06:17.173066+00,3e5b61b3-ad12-48f8-9c3c-4d1fd6a50b08,Vlogging,4
2387,2024-03-02 05:06:17.173066+00,3e5b61b3-ad12-48f8-9c3c-4d1fd6a50b08,Soccer Tennis,4
2388,2024-03-02 05:06:17.173066+00,4fa83899-0a8a-4159-9825-9e3c6c320509,International Social Work,5
2389,2024-03-02 05:06:17.173066+00,4fa83899-0a8a-4159-9825-9e3c6c320509,Kayaking,2
2390,2024-03-02 05:06:17.173066+00,4fa83899-0a8a-4159-9825-9e3c6c320509,Cocktail Making,5
2391,2024-03-02 05:06:17.173066+00,4fa83899-0a8a-4159-9825-9e3c6c320509,Tee Ball,5
2392,2024-03-02 05:06:17.173066+00,4fa83899-0a8a-4159-9825-9e3c6c320509,Canyoning,3
2393,2024-03-02 05:06:17.173066+00,a1d9a79f-2728-47dd-810c-c387e28606b8,Obstacle Course Racing,4
2394,2024-03-02 05:06:17.173066+00,a1d9a79f-2728-47dd-810c-c387e28606b8,Trauma Counseling,5
2395,2024-03-02 05:06:17.173066+00,a1d9a79f-2728-47dd-810c-c387e28606b8,Pattern Making,2
2396,2024-03-02 05:06:17.173066+00,a1d9a79f-2728-47dd-810c-c387e28606b8,Investing,1
2397,2024-03-02 05:06:17.173066+00,a1d9a79f-2728-47dd-810c-c387e28606b8,Rally Racing,3
2398,2024-03-02 05:06:17.173066+00,a1d9a79f-2728-47dd-810c-c387e28606b8,Printing,1
2399,2024-03-02 05:06:17.173066+00,de15f35b-f262-4d44-8d4d-6ebb7f8b3657,Journalism,1
2400,2024-03-02 05:06:17.173066+00,de15f35b-f262-4d44-8d4d-6ebb7f8b3657,Criterium Racing,2
2401,2024-03-02 05:06:17.173066+00,de15f35b-f262-4d44-8d4d-6ebb7f8b3657,Wildlife Conservation,2
2402,2024-03-02 05:06:17.173066+00,de15f35b-f262-4d44-8d4d-6ebb7f8b3657,Retro Gaming,3
2403,2024-03-02 05:06:17.173066+00,35c14180-b9c2-4fdb-b77f-8710e1e24720,Podcasting,5
2404,2024-03-02 05:06:17.173066+00,35c14180-b9c2-4fdb-b77f-8710e1e24720,Deep-water Soloing,3
2405,2024-03-02 05:06:17.173066+00,35c14180-b9c2-4fdb-b77f-8710e1e24720,Cross-Country Skiing,2
2406,2024-03-02 05:06:17.173066+00,35c14180-b9c2-4fdb-b77f-8710e1e24720,Seagrass Diving,4
2407,2024-03-02 05:06:17.173066+00,35c14180-b9c2-4fdb-b77f-8710e1e24720,Paragliding,2
2408,2024-03-02 05:06:17.173066+00,86eaf9a3-8ee7-41ac-8720-59fb7664c856,Shinty,3
2409,2024-03-02 05:06:17.173066+00,86eaf9a3-8ee7-41ac-8720-59fb7664c856,Barrel Racing,1
2410,2024-03-02 05:06:17.173066+00,86eaf9a3-8ee7-41ac-8720-59fb7664c856,Rock Climbing,5
2411,2024-03-02 05:06:17.173066+00,86eaf9a3-8ee7-41ac-8720-59fb7664c856,Coasteering,3
2412,2024-03-02 05:06:17.173066+00,86eaf9a3-8ee7-41ac-8720-59fb7664c856,Rally Racing,2
2413,2024-03-02 05:06:17.173066+00,b307ef0d-f268-4389-9c0a-aa3c224c70ee,Digital Forensics,3
2414,2024-03-02 05:06:17.173066+00,b307ef0d-f268-4389-9c0a-aa3c224c70ee,Biopsychology,1
2415,2024-03-02 05:06:17.173066+00,b307ef0d-f268-4389-9c0a-aa3c224c70ee,Bookbinding,3
2416,2024-03-02 05:06:17.173066+00,b307ef0d-f268-4389-9c0a-aa3c224c70ee,Soccer Tennis,5
2417,2024-03-02 05:06:17.173066+00,b307ef0d-f268-4389-9c0a-aa3c224c70ee,Psychoanalysis,2
2418,2024-03-02 05:06:17.173066+00,cae9f3aa-4ab9-4a79-a442-33975c94bb86,Skateboarding,4
2419,2024-03-02 05:06:17.173066+00,cae9f3aa-4ab9-4a79-a442-33975c94bb86,Disability Support Groups,2
2420,2024-03-02 05:06:17.173066+00,cae9f3aa-4ab9-4a79-a442-33975c94bb86,Deep Diving,5
2421,2024-03-02 05:06:17.173066+00,cae9f3aa-4ab9-4a79-a442-33975c94bb86,Mountain Biking,4
2422,2024-03-02 05:06:17.173066+00,cae9f3aa-4ab9-4a79-a442-33975c94bb86,Cartooning,2
2423,2024-03-02 05:06:17.173066+00,cae9f3aa-4ab9-4a79-a442-33975c94bb86,Bobsledding,2
2424,2024-03-02 05:06:17.173066+00,d2937167-90ba-46c1-87c8-009687eba0c4,Space Tourism,1
2425,2024-03-02 05:06:17.173066+00,d2937167-90ba-46c1-87c8-009687eba0c4,Substance Abuse Counseling,2
2426,2024-03-02 05:06:17.173066+00,d2937167-90ba-46c1-87c8-009687eba0c4,Parenting Support Groups,3
2427,2024-03-02 05:06:17.173066+00,d2937167-90ba-46c1-87c8-009687eba0c4,Magic Tricks,2
2428,2024-03-02 05:06:17.173066+00,d2937167-90ba-46c1-87c8-009687eba0c4,Tricking,2
2429,2024-03-02 05:06:17.173066+00,549cc4ce-7e94-47cd-9a49-d44797500ba7,Truck Racing,4
2430,2024-03-02 05:06:17.173066+00,549cc4ce-7e94-47cd-9a49-d44797500ba7,Cycling,4
2431,2024-03-02 05:06:17.173066+00,549cc4ce-7e94-47cd-9a49-d44797500ba7,Qi Gong,2
2432,2024-03-02 05:06:17.173066+00,549cc4ce-7e94-47cd-9a49-d44797500ba7,Wrestling,5
2433,2024-03-02 05:06:17.173066+00,549cc4ce-7e94-47cd-9a49-d44797500ba7,Wakesurfing,5
2434,2024-03-02 05:06:17.173066+00,336f0f0a-9df8-4179-b528-9cc86dc850f8,Game Development,3
2435,2024-03-02 05:06:17.173066+00,336f0f0a-9df8-4179-b528-9cc86dc850f8,Investing,3
2436,2024-03-02 05:06:17.173066+00,336f0f0a-9df8-4179-b528-9cc86dc850f8,Road Cycling,2
2437,2024-03-02 05:06:17.173066+00,336f0f0a-9df8-4179-b528-9cc86dc850f8,Zero Waste Lifestyle,4
2438,2024-03-02 05:06:17.173066+00,94b97b1d-8e6a-4028-881f-23ebca6ece50,Miniature Painting,3
2439,2024-03-02 05:06:17.173066+00,94b97b1d-8e6a-4028-881f-23ebca6ece50,Mountaineering,1
2440,2024-03-02 05:06:17.173066+00,94b97b1d-8e6a-4028-881f-23ebca6ece50,Spring Diving,4
2441,2024-03-02 05:06:17.173066+00,94b97b1d-8e6a-4028-881f-23ebca6ece50,Road Cycling,3
2442,2024-03-02 05:06:17.173066+00,94b97b1d-8e6a-4028-881f-23ebca6ece50,Softball,4
2443,2024-03-02 05:06:17.173066+00,983bf9c5-ddd0-4aa8-b0fa-94d69fb9d714,Triathlon,4
2444,2024-03-02 05:06:17.173066+00,983bf9c5-ddd0-4aa8-b0fa-94d69fb9d714,Canyon Swinging,3
2445,2024-03-02 05:06:17.173066+00,983bf9c5-ddd0-4aa8-b0fa-94d69fb9d714,Skateboarding,3
2446,2024-03-02 05:06:17.173066+00,983bf9c5-ddd0-4aa8-b0fa-94d69fb9d714,International Development,4
2447,2024-03-02 05:06:17.173066+00,983bf9c5-ddd0-4aa8-b0fa-94d69fb9d714,Skydiving,3
2448,2024-03-02 05:06:17.173066+00,983bf9c5-ddd0-4aa8-b0fa-94d69fb9d714,Customer Service,3
2449,2024-03-02 05:06:17.173066+00,46265627-b973-4ccd-9faa-dc4bf20f85fe,Table Tennis,4
2450,2024-03-02 05:06:17.173066+00,46265627-b973-4ccd-9faa-dc4bf20f85fe,Numismatics,1
2451,2024-03-02 05:06:17.173066+00,46265627-b973-4ccd-9faa-dc4bf20f85fe,Skydiving,2
2452,2024-03-02 05:06:17.173066+00,46265627-b973-4ccd-9faa-dc4bf20f85fe,Copywriting,2
2453,2024-03-02 05:06:17.173066+00,46265627-b973-4ccd-9faa-dc4bf20f85fe,Skyrunning,1
2454,2024-03-02 05:06:17.173066+00,46265627-b973-4ccd-9faa-dc4bf20f85fe,LARPing,1
2455,2024-03-02 05:06:17.173066+00,96b30527-4e9b-43de-a71e-3027c13cbdb8,Humanitarian Aid,4
2456,2024-03-02 05:06:17.173066+00,96b30527-4e9b-43de-a71e-3027c13cbdb8,Baseball,2
2457,2024-03-02 05:06:17.173066+00,96b30527-4e9b-43de-a71e-3027c13cbdb8,Figure Skating,2
2458,2024-03-02 05:06:17.173066+00,96b30527-4e9b-43de-a71e-3027c13cbdb8,Medieval Reenactment,4
2459,2024-03-02 05:06:17.173066+00,9a6a3359-2d0c-45ca-a598-c60c2810ff73,Foraging,4
2460,2024-03-02 05:06:17.173066+00,9a6a3359-2d0c-45ca-a598-c60c2810ff73,Luge,3
2461,2024-03-02 05:06:17.173066+00,9a6a3359-2d0c-45ca-a598-c60c2810ff73,Shrimp Diving,4
2462,2024-03-02 05:06:17.173066+00,9a6a3359-2d0c-45ca-a598-c60c2810ff73,Downhill Skateboarding,5
2463,2024-03-02 05:06:17.173066+00,f2a67e3a-b5eb-42c9-8f05-58649a4a033b,Cricket,5
2464,2024-03-02 05:06:17.173066+00,f2a67e3a-b5eb-42c9-8f05-58649a4a033b,Boxing,3
2465,2024-03-02 05:06:17.173066+00,f2a67e3a-b5eb-42c9-8f05-58649a4a033b,Ranch Sorting,4
2466,2024-03-02 05:06:17.173066+00,f2a67e3a-b5eb-42c9-8f05-58649a4a033b,Social Media,3
2467,2024-03-02 05:06:17.173066+00,f2a67e3a-b5eb-42c9-8f05-58649a4a033b,Snowboarding,3
2468,2024-03-02 05:06:17.173066+00,f2a67e3a-b5eb-42c9-8f05-58649a4a033b,Tennis,1
2469,2024-03-02 05:06:17.173066+00,5aa3f522-b35e-4b76-903d-7871cfded347,Figure Skating,2
2470,2024-03-02 05:06:17.173066+00,5aa3f522-b35e-4b76-903d-7871cfded347,Console Gaming,2
2471,2024-03-02 05:06:17.173066+00,5aa3f522-b35e-4b76-903d-7871cfded347,Comic Book Art,3
2472,2024-03-02 05:06:17.173066+00,5aa3f522-b35e-4b76-903d-7871cfded347,Trials Riding,2
2473,2024-03-02 05:06:17.173066+00,5aa3f522-b35e-4b76-903d-7871cfded347,Board Game Design,3
2474,2024-03-02 05:06:17.173066+00,69eec570-871b-4ebf-9994-c84ff411a618,Fishing,5
2475,2024-03-02 05:06:17.173066+00,69eec570-871b-4ebf-9994-c84ff411a618,Seagrass Diving,5
2476,2024-03-02 05:06:17.173066+00,69eec570-871b-4ebf-9994-c84ff411a618,Farming,4
2477,2024-03-02 05:06:17.173066+00,69eec570-871b-4ebf-9994-c84ff411a618,Marriage Counseling,5
2478,2024-03-02 05:06:17.173066+00,be3d9ac4-5f4d-4150-8edb-e8b6fe39a806,Dancing,4
2479,2024-03-02 05:06:17.173066+00,be3d9ac4-5f4d-4150-8edb-e8b6fe39a806,BMX,2
2480,2024-03-02 05:06:17.173066+00,be3d9ac4-5f4d-4150-8edb-e8b6fe39a806,Social Entrepreneurship,2
2481,2024-03-02 05:06:17.173066+00,be3d9ac4-5f4d-4150-8edb-e8b6fe39a806,Canopying,5
2482,2024-03-02 05:06:17.173066+00,be3d9ac4-5f4d-4150-8edb-e8b6fe39a806,Road Cycling,3
2483,2024-03-02 05:06:17.173066+00,3c8da82d-47c2-45ae-b245-99eda6d7ad33,Psychology,2
2484,2024-03-02 05:06:17.173066+00,3c8da82d-47c2-45ae-b245-99eda6d7ad33,Crisis Intervention,3
2485,2024-03-02 05:06:17.173066+00,3c8da82d-47c2-45ae-b245-99eda6d7ad33,Criterium Racing,1
2486,2024-03-02 05:06:17.173066+00,3c8da82d-47c2-45ae-b245-99eda6d7ad33,Pond Diving,1
2487,2024-03-02 05:06:17.173066+00,23233655-986a-4e93-97e4-0581e97d0a80,Social Justice Advocacy,2
2488,2024-03-02 05:06:17.173066+00,23233655-986a-4e93-97e4-0581e97d0a80,Space Tourism,3
2489,2024-03-02 05:06:17.173066+00,23233655-986a-4e93-97e4-0581e97d0a80,Table Tennis,5
2490,2024-03-02 05:06:17.173066+00,23233655-986a-4e93-97e4-0581e97d0a80,Clinical Social Work,4
2491,2024-03-02 05:06:17.173066+00,23233655-986a-4e93-97e4-0581e97d0a80,Delta Diving,2
2492,2024-03-02 05:06:17.173066+00,23233655-986a-4e93-97e4-0581e97d0a80,Marketing,3
2493,2024-03-02 05:06:17.173066+00,a1fbeb27-ecfb-4377-8f99-9f5ac81ca914,Supermoto,1
2494,2024-03-02 05:06:17.173066+00,a1fbeb27-ecfb-4377-8f99-9f5ac81ca914,YouTube,5
2495,2024-03-02 05:06:17.173066+00,a1fbeb27-ecfb-4377-8f99-9f5ac81ca914,PC Gaming,1
2496,2024-03-02 05:06:17.173066+00,a1fbeb27-ecfb-4377-8f99-9f5ac81ca914,Flag Football,5
2497,2024-03-02 05:06:17.173066+00,a1fbeb27-ecfb-4377-8f99-9f5ac81ca914,Console Gaming,5
2498,2024-03-02 05:06:17.173066+00,086399e2-119b-4db6-b8b6-6d9333101074,Snorkeling,5
2499,2024-03-02 05:06:17.173066+00,086399e2-119b-4db6-b8b6-6d9333101074,Quantum Physics,3
2500,2024-03-02 05:06:17.173066+00,086399e2-119b-4db6-b8b6-6d9333101074,Pole Bending,2
2501,2024-03-02 05:06:17.173066+00,086399e2-119b-4db6-b8b6-6d9333101074,Brewing,2
2502,2024-03-02 05:06:17.173066+00,086399e2-119b-4db6-b8b6-6d9333101074,Downhill Mountain Biking,2
2503,2024-03-02 05:06:17.173066+00,086399e2-119b-4db6-b8b6-6d9333101074,Immigrant Rights Advocacy,1
2504,2024-03-02 05:06:17.173066+00,739ba2e5-470e-4537-bcd7-3ac08b3c4f82,Customer Service,5
2505,2024-03-02 05:06:17.173066+00,739ba2e5-470e-4537-bcd7-3ac08b3c4f82,Infant Care Classes,3
2506,2024-03-02 05:06:17.173066+00,739ba2e5-470e-4537-bcd7-3ac08b3c4f82,Mountain Boarding,2
2507,2024-03-02 05:06:17.173066+00,739ba2e5-470e-4537-bcd7-3ac08b3c4f82,Living History,5
2508,2024-03-02 05:06:17.173066+00,739ba2e5-470e-4537-bcd7-3ac08b3c4f82,Cycling,4
2509,2024-03-02 05:06:17.173066+00,739ba2e5-470e-4537-bcd7-3ac08b3c4f82,Wind Surfing,5
2510,2024-03-02 05:06:17.173066+00,f1157583-442d-4e20-b916-90010e78e372,Health Advocacy,5
2511,2024-03-02 05:06:17.173066+00,f1157583-442d-4e20-b916-90010e78e372,Badminton,4
2512,2024-03-02 05:06:17.173066+00,f1157583-442d-4e20-b916-90010e78e372,Playwriting,2
2513,2024-03-02 05:06:17.173066+00,f1157583-442d-4e20-b916-90010e78e372,Medieval Reenactment,5
2514,2024-03-02 05:06:17.173066+00,e3bba198-19e4-4c10-83c9-cea70d5b74bd,Toy Design,5
2515,2024-03-02 05:06:17.173066+00,e3bba198-19e4-4c10-83c9-cea70d5b74bd,Cricket,1
2516,2024-03-02 05:06:17.173066+00,e3bba198-19e4-4c10-83c9-cea70d5b74bd,Entrepreneurship,4
2517,2024-03-02 05:06:17.173066+00,e3bba198-19e4-4c10-83c9-cea70d5b74bd,Travel,4
2518,2024-03-02 05:06:17.173066+00,da3fc912-899e-4ce1-87a2-9075b27a99f7,Skiing,3
2519,2024-03-02 05:06:17.173066+00,da3fc912-899e-4ce1-87a2-9075b27a99f7,Child Development Classes,4
2520,2024-03-02 05:06:17.173066+00,da3fc912-899e-4ce1-87a2-9075b27a99f7,Drone Piloting,1
2521,2024-03-02 05:06:17.173066+00,da3fc912-899e-4ce1-87a2-9075b27a99f7,Nuclear Energy,5
2522,2024-03-02 05:06:17.173066+00,6ba34f0c-d781-43b4-868d-6cd52409a7df,Spelunking,4
2523,2024-03-02 05:06:17.173066+00,6ba34f0c-d781-43b4-868d-6cd52409a7df,Roller Derby,3
2524,2024-03-02 05:06:17.173066+00,6ba34f0c-d781-43b4-868d-6cd52409a7df,Continental Shelf Diving,3
2525,2024-03-02 05:06:17.173066+00,6ba34f0c-d781-43b4-868d-6cd52409a7df,Artificial Intelligence,4
2526,2024-03-02 05:06:17.173066+00,6ba34f0c-d781-43b4-868d-6cd52409a7df,Swamp Diving,2
2527,2024-03-02 05:06:17.173066+00,6ba34f0c-d781-43b4-868d-6cd52409a7df,Short Story Writing,3
2528,2024-03-02 05:06:17.173066+00,ad7cf81e-6297-4811-b012-1fdc07d32b77,Top Rope Climbing,3
2529,2024-03-02 05:06:17.173066+00,ad7cf81e-6297-4811-b012-1fdc07d32b77,Metalworking,3
2530,2024-03-02 05:06:17.173066+00,ad7cf81e-6297-4811-b012-1fdc07d32b77,Human Rights Social Work,3
2531,2024-03-02 05:06:17.173066+00,ad7cf81e-6297-4811-b012-1fdc07d32b77,Pilates,1
2532,2024-03-02 05:06:17.173066+00,ad7cf81e-6297-4811-b012-1fdc07d32b77,Diving,2
2533,2024-03-02 05:06:17.173066+00,943a6275-1e4e-416b-a1d5-b28822b141f6,PC Gaming,1
2534,2024-03-02 05:06:17.173066+00,943a6275-1e4e-416b-a1d5-b28822b141f6,Physical Therapy,2
2535,2024-03-02 05:06:17.173066+00,943a6275-1e4e-416b-a1d5-b28822b141f6,Iceberg Diving,1
2536,2024-03-02 05:06:17.173066+00,943a6275-1e4e-416b-a1d5-b28822b141f6,Event Planning,4
2537,2024-03-02 05:06:17.173066+00,943a6275-1e4e-416b-a1d5-b28822b141f6,Outdoor Climbing,5
2538,2024-03-02 05:06:17.173066+00,943a6275-1e4e-416b-a1d5-b28822b141f6,Canyon Swinging,3
2539,2024-03-02 05:06:17.173066+00,42d37bc0-3587-4562-bb9f-09bdae152b42,Breastfeeding Support,5
2540,2024-03-02 05:06:17.173066+00,42d37bc0-3587-4562-bb9f-09bdae152b42,Sculpting,1
2541,2024-03-02 05:06:17.173066+00,42d37bc0-3587-4562-bb9f-09bdae152b42,Social Justice Advocacy,5
2542,2024-03-02 05:06:17.173066+00,42d37bc0-3587-4562-bb9f-09bdae152b42,Rugby,1
2543,2024-03-02 05:06:17.173066+00,18600d64-a412-458b-abca-36001c862a69,Reiki,3
2544,2024-03-02 05:06:17.173066+00,18600d64-a412-458b-abca-36001c862a69,Mental Health Support Groups,1
2545,2024-03-02 05:06:17.173066+00,18600d64-a412-458b-abca-36001c862a69,Medieval Reenactment,3
2546,2024-03-02 05:06:17.173066+00,18600d64-a412-458b-abca-36001c862a69,SEM,2
2547,2024-03-02 05:06:17.173066+00,18600d64-a412-458b-abca-36001c862a69,Barrel Racing,4
2548,2024-03-02 05:06:17.173066+00,dd62a626-cc25-47c4-8c97-65f175b6b342,Speed Climbing,1
2549,2024-03-02 05:06:17.173066+00,dd62a626-cc25-47c4-8c97-65f175b6b342,Educational Psychology,2
2550,2024-03-02 05:06:17.173066+00,dd62a626-cc25-47c4-8c97-65f175b6b342,Floorball,5
2551,2024-03-02 05:06:17.173066+00,dd62a626-cc25-47c4-8c97-65f175b6b342,Social Psychology,3
2552,2024-03-02 05:06:17.173066+00,dd62a626-cc25-47c4-8c97-65f175b6b342,Children's Rights Advocacy,3
2553,2024-03-02 05:06:17.173066+00,dd62a626-cc25-47c4-8c97-65f175b6b342,Speed Skating,1
2554,2024-03-02 05:06:17.173066+00,503a9b5d-a536-4810-bba5-a610543c105a,Buildering,2
2555,2024-03-02 05:06:17.173066+00,503a9b5d-a536-4810-bba5-a610543c105a,Track Racing,5
2556,2024-03-02 05:06:17.173066+00,503a9b5d-a536-4810-bba5-a610543c105a,Dirt Jumping,1
2557,2024-03-02 05:06:17.173066+00,503a9b5d-a536-4810-bba5-a610543c105a,Dancing,3
2558,2024-03-02 05:06:17.173066+00,503a9b5d-a536-4810-bba5-a610543c105a,Raspberry Pi,3
2559,2024-03-02 05:06:17.173066+00,5ebafa37-ed95-4732-83d9-cf8021b27c9b,3D Printing,4
2560,2024-03-02 05:06:17.173066+00,5ebafa37-ed95-4732-83d9-cf8021b27c9b,Cognitive Behavioral Therapy,4
2561,2024-03-02 05:06:17.173066+00,5ebafa37-ed95-4732-83d9-cf8021b27c9b,Rally Racing,1
2562,2024-03-02 05:06:17.173066+00,5ebafa37-ed95-4732-83d9-cf8021b27c9b,Automotive Design,2
2563,2024-03-02 05:06:17.173066+00,fd4a73dc-8a45-4e72-85c1-375d20282143,Delta Diving,5
2564,2024-03-02 05:06:17.173066+00,fd4a73dc-8a45-4e72-85c1-375d20282143,Geriatric Psychology,4
2565,2024-03-02 05:06:17.173066+00,fd4a73dc-8a45-4e72-85c1-375d20282143,Whale Diving,3
2566,2024-03-02 05:06:17.173066+00,fd4a73dc-8a45-4e72-85c1-375d20282143,Public Relations,2
2567,2024-03-02 05:06:17.173066+00,fd4a73dc-8a45-4e72-85c1-375d20282143,Robotics,3
2568,2024-03-02 05:06:17.173066+00,fd4a73dc-8a45-4e72-85c1-375d20282143,Automotive Design,3
2569,2024-03-02 05:06:17.173066+00,ca5ed4cb-b3b2-4122-a2dc-08b1ee3265e0,Green Living,3
2570,2024-03-02 05:06:17.173066+00,ca5ed4cb-b3b2-4122-a2dc-08b1ee3265e0,Mountain Racing,2
2571,2024-03-02 05:06:17.173066+00,ca5ed4cb-b3b2-4122-a2dc-08b1ee3265e0,Diving,1
2572,2024-03-02 05:06:17.173066+00,ca5ed4cb-b3b2-4122-a2dc-08b1ee3265e0,Novel Writing,1
2573,2024-03-02 05:06:17.173066+00,ca5ed4cb-b3b2-4122-a2dc-08b1ee3265e0,Particle Physics,3
2574,2024-03-02 05:06:17.173066+00,ca5ed4cb-b3b2-4122-a2dc-08b1ee3265e0,Hang Gliding,4
2575,2024-03-02 05:06:17.173066+00,a54a17d5-9ca5-4577-8c33-6c395c498bca,Beekeeping,4
2576,2024-03-02 05:06:17.173066+00,a54a17d5-9ca5-4577-8c33-6c395c498bca,Humanitarian Aid,5
2577,2024-03-02 05:06:17.173066+00,a54a17d5-9ca5-4577-8c33-6c395c498bca,Mixed Climbing,1
2578,2024-03-02 05:06:17.173066+00,a54a17d5-9ca5-4577-8c33-6c395c498bca,Riverboarding,5
2579,2024-03-02 05:06:17.173066+00,a54a17d5-9ca5-4577-8c33-6c395c498bca,Poetry,3
2580,2024-03-02 05:06:17.173066+00,a54a17d5-9ca5-4577-8c33-6c395c498bca,Magic: The Gathering,4
2581,2024-03-02 05:06:17.173066+00,a1699830-7824-45a2-b64e-ca2e18b599fd,Ultramarathon,4
2582,2024-03-02 05:06:17.173066+00,a1699830-7824-45a2-b64e-ca2e18b599fd,Homeopathy,2
2583,2024-03-02 05:06:17.173066+00,a1699830-7824-45a2-b64e-ca2e18b599fd,Knitting,5
2584,2024-03-02 05:06:17.173066+00,a1699830-7824-45a2-b64e-ca2e18b599fd,Women's Support Groups,5
2585,2024-03-02 05:06:17.173066+00,6e71c050-656a-4692-9169-628f879f5124,Beekeeping,1
2586,2024-03-02 05:06:17.173066+00,6e71c050-656a-4692-9169-628f879f5124,Running,1
2587,2024-03-02 05:06:17.173066+00,6e71c050-656a-4692-9169-628f879f5124,Freestyle Skateboarding,4
2588,2024-03-02 05:06:17.173066+00,6e71c050-656a-4692-9169-628f879f5124,Holistic Health,5
2589,2024-03-02 05:06:17.173066+00,6e71c050-656a-4692-9169-628f879f5124,Acting,4
2590,2024-03-02 05:06:17.173066+00,6e71c050-656a-4692-9169-628f879f5124,Bookbinding,2
2591,2024-03-02 05:06:17.173066+00,73eba668-a5d5-453d-8516-c2eb1dffc57a,Nanotechnology,5
2592,2024-03-02 05:06:17.173066+00,73eba668-a5d5-453d-8516-c2eb1dffc57a,Trials Riding,1
2593,2024-03-02 05:06:17.173066+00,73eba668-a5d5-453d-8516-c2eb1dffc57a,Flag Football,4
2594,2024-03-02 05:06:17.173066+00,73eba668-a5d5-453d-8516-c2eb1dffc57a,Environmentalism,2
2595,2024-03-02 05:06:17.173066+00,db37f36c-c07a-4b12-8866-f89daa4cf5b6,SEO,5
2596,2024-03-02 05:06:17.173066+00,db37f36c-c07a-4b12-8866-f89daa4cf5b6,Men's Support Groups,2
2597,2024-03-02 05:06:17.173066+00,db37f36c-c07a-4b12-8866-f89daa4cf5b6,Food Justice,4
2598,2024-03-02 05:06:17.173066+00,db37f36c-c07a-4b12-8866-f89daa4cf5b6,Motorcycle Trials,1
2599,2024-03-02 05:06:17.173066+00,9a1057a2-08f8-4822-ba54-34f02c886357,Suicide Prevention,5
2600,2024-03-02 05:06:17.173066+00,9a1057a2-08f8-4822-ba54-34f02c886357,Hang Gliding,5
2601,2024-03-02 05:06:17.173066+00,9a1057a2-08f8-4822-ba54-34f02c886357,Pond Diving,5
2602,2024-03-02 05:06:17.173066+00,9a1057a2-08f8-4822-ba54-34f02c886357,Veterans' Support Groups,3
2603,2024-03-02 05:06:17.173066+00,9a1057a2-08f8-4822-ba54-34f02c886357,Genetic Engineering,5
2604,2024-03-02 05:06:17.173066+00,9a1057a2-08f8-4822-ba54-34f02c886357,Health Education,3
2605,2024-03-02 05:06:17.173066+00,0a658273-f0cb-466f-9cb2-43d8e1b7f98e,Disaster Relief,3
2606,2024-03-02 05:06:17.173066+00,0a658273-f0cb-466f-9cb2-43d8e1b7f98e,Free Diving,5
2607,2024-03-02 05:06:17.173066+00,0a658273-f0cb-466f-9cb2-43d8e1b7f98e,Botany,4
2608,2024-03-02 05:06:17.173066+00,0a658273-f0cb-466f-9cb2-43d8e1b7f98e,Mountain Boarding,3
2609,2024-03-02 05:06:17.173066+00,0a658273-f0cb-466f-9cb2-43d8e1b7f98e,Software Development,2
2610,2024-03-02 05:06:17.173066+00,0a658273-f0cb-466f-9cb2-43d8e1b7f98e,Naturopathy,3
2611,2024-03-02 05:06:17.173066+00,6144ffca-0649-4bbf-b37e-8180ab1f31dc,Bandy,1
2612,2024-03-02 05:06:17.173066+00,6144ffca-0649-4bbf-b37e-8180ab1f31dc,Hang Gliding,3
2613,2024-03-02 05:06:17.173066+00,6144ffca-0649-4bbf-b37e-8180ab1f31dc,Dry-tooling,2
2614,2024-03-02 05:06:17.173066+00,6144ffca-0649-4bbf-b37e-8180ab1f31dc,Australian Rules Football,2
2615,2024-03-02 05:06:17.173066+00,6144ffca-0649-4bbf-b37e-8180ab1f31dc,Biopsychology,1
2616,2024-03-02 05:06:17.173066+00,8f364561-c0de-468b-8d36-8b9c5a986b2f,Octopus Diving,5
2617,2024-03-02 05:06:17.173066+00,8f364561-c0de-468b-8d36-8b9c5a986b2f,SEO,2
2618,2024-03-02 05:06:17.173066+00,8f364561-c0de-468b-8d36-8b9c5a986b2f,Rugby Sevens,3
2619,2024-03-02 05:06:17.173066+00,8f364561-c0de-468b-8d36-8b9c5a986b2f,Numismatics,3
2620,2024-03-02 05:06:17.173066+00,7df7d344-693b-43c4-8591-7bf5468bea9f,Sustainability,4
2621,2024-03-02 05:06:17.173066+00,7df7d344-693b-43c4-8591-7bf5468bea9f,Grief Support Groups,2
2622,2024-03-02 05:06:17.173066+00,7df7d344-693b-43c4-8591-7bf5468bea9f,Rafting,3
2623,2024-03-02 05:06:17.173066+00,7df7d344-693b-43c4-8591-7bf5468bea9f,Food Sovereignty,5
2624,2024-03-02 05:06:17.173066+00,7df7d344-693b-43c4-8591-7bf5468bea9f,Bioinformatics,2
2625,2024-03-02 05:06:17.173066+00,7df7d344-693b-43c4-8591-7bf5468bea9f,Philosophy,3
2626,2024-03-02 05:06:17.173066+00,a135e3eb-a223-492a-a718-ebe934e27df5,Disability Support Groups,1
2627,2024-03-02 05:06:17.173066+00,a135e3eb-a223-492a-a718-ebe934e27df5,Neuropsychology,5
2628,2024-03-02 05:06:17.173066+00,a135e3eb-a223-492a-a718-ebe934e27df5,Gulf Diving,3
2629,2024-03-02 05:06:17.173066+00,a135e3eb-a223-492a-a718-ebe934e27df5,Fishing,3
2630,2024-03-02 05:06:17.173066+00,a135e3eb-a223-492a-a718-ebe934e27df5,Renewable Energy,1
2631,2024-03-02 05:06:17.173066+00,2a78c8ea-fb87-4cb8-90da-ec18db0780fc,Retro Gaming,2
2632,2024-03-02 05:06:17.173066+00,2a78c8ea-fb87-4cb8-90da-ec18db0780fc,Analytics,2
2633,2024-03-02 05:06:17.173066+00,2a78c8ea-fb87-4cb8-90da-ec18db0780fc,Vlogging,3
2634,2024-03-02 05:06:17.173066+00,2a78c8ea-fb87-4cb8-90da-ec18db0780fc,Elder Rights Advocacy,2
2635,2024-03-02 05:06:17.173066+00,2a78c8ea-fb87-4cb8-90da-ec18db0780fc,Architecture,2
2636,2024-03-02 05:06:17.173066+00,2a78c8ea-fb87-4cb8-90da-ec18db0780fc,Pattern Making,3
2637,2024-03-02 05:06:17.173066+00,168df657-82c1-4667-ad46-4b455f6f7d26,Parasailing,5
2638,2024-03-02 05:06:17.173066+00,168df657-82c1-4667-ad46-4b455f6f7d26,Sustainable Fashion,5
2639,2024-03-02 05:06:17.173066+00,168df657-82c1-4667-ad46-4b455f6f7d26,Cocktail Making,1
2640,2024-03-02 05:06:17.173066+00,168df657-82c1-4667-ad46-4b455f6f7d26,Photography,1
2641,2024-03-02 05:06:17.173066+00,168df657-82c1-4667-ad46-4b455f6f7d26,Developmental Psychology,2
2642,2024-03-02 05:06:17.173066+00,168df657-82c1-4667-ad46-4b455f6f7d26,Parkour,4
2643,2024-03-02 05:06:17.173066+00,917a666d-e100-4b98-8d67-0da8cfbdd312,Ecotourism,4
2644,2024-03-02 05:06:17.173066+00,917a666d-e100-4b98-8d67-0da8cfbdd312,Yoga,5
2645,2024-03-02 05:06:17.173066+00,917a666d-e100-4b98-8d67-0da8cfbdd312,BMX,2
2646,2024-03-02 05:06:17.173066+00,917a666d-e100-4b98-8d67-0da8cfbdd312,Sailing,2
2647,2024-03-02 05:06:17.173066+00,917a666d-e100-4b98-8d67-0da8cfbdd312,Waterfall Climbing,1
2648,2024-03-02 05:06:17.173066+00,917a666d-e100-4b98-8d67-0da8cfbdd312,Health Promotion,5
2649,2024-03-02 05:06:17.173066+00,7903b8c6-1368-4c22-9332-284e2d904a0f,Speed Climbing,3
2650,2024-03-02 05:06:17.173066+00,7903b8c6-1368-4c22-9332-284e2d904a0f,Tennis,2
2651,2024-03-02 05:06:17.173066+00,7903b8c6-1368-4c22-9332-284e2d904a0f,Superbike Racing,1
2652,2024-03-02 05:06:17.173066+00,7903b8c6-1368-4c22-9332-284e2d904a0f,Steeplechase,2
2653,2024-03-02 05:06:17.173066+00,037d999d-0834-4f2d-a8ee-e5fa580ee10f,Speech Therapy,2
2654,2024-03-02 05:06:17.173066+00,037d999d-0834-4f2d-a8ee-e5fa580ee10f,Bay Diving,1
2655,2024-03-02 05:06:17.173066+00,037d999d-0834-4f2d-a8ee-e5fa580ee10f,Ice Dancing,1
2656,2024-03-02 05:06:17.173066+00,037d999d-0834-4f2d-a8ee-e5fa580ee10f,Mindfulness,2
2657,2024-03-02 05:06:17.173066+00,ee4be23a-a6d6-4e5f-9b8c-c12529759585,Freestyle Skateboarding,2
2658,2024-03-02 05:06:17.173066+00,ee4be23a-a6d6-4e5f-9b8c-c12529759585,Mindfulness,2
2659,2024-03-02 05:06:17.173066+00,ee4be23a-a6d6-4e5f-9b8c-c12529759585,Stock Trading,1
2660,2024-03-02 05:06:17.173066+00,ee4be23a-a6d6-4e5f-9b8c-c12529759585,Bronc Riding,5
2661,2024-03-02 05:06:17.173066+00,ee4be23a-a6d6-4e5f-9b8c-c12529759585,Drama Therapy,1
2662,2024-03-02 05:06:17.173066+00,ee4be23a-a6d6-4e5f-9b8c-c12529759585,Adventure Racing,3
2663,2024-03-02 05:06:17.173066+00,69489999-484d-44f4-8eba-c8eb4ca95e72,Origami,5
2664,2024-03-02 05:06:17.173066+00,69489999-484d-44f4-8eba-c8eb4ca95e72,Blogging,3
2665,2024-03-02 05:06:17.173066+00,69489999-484d-44f4-8eba-c8eb4ca95e72,Ayurveda,2
2666,2024-03-02 05:06:17.173066+00,69489999-484d-44f4-8eba-c8eb4ca95e72,Disaster Relief,5
2667,2024-03-02 05:06:17.173066+00,69489999-484d-44f4-8eba-c8eb4ca95e72,Blacksmithing,3
2668,2024-03-02 05:06:17.173066+00,5ceecba1-be30-4a9b-aa7a-8ef728fcab0b,Gravel Racing,1
2669,2024-03-02 05:06:17.173066+00,5ceecba1-be30-4a9b-aa7a-8ef728fcab0b,Australian Rules Football,4
2670,2024-03-02 05:06:17.173066+00,5ceecba1-be30-4a9b-aa7a-8ef728fcab0b,Investing,3
2671,2024-03-02 05:06:17.173066+00,5ceecba1-be30-4a9b-aa7a-8ef728fcab0b,Vlogging,4
2672,2024-03-02 05:06:17.173066+00,5ceecba1-be30-4a9b-aa7a-8ef728fcab0b,Military Social Work,3
2673,2024-03-02 05:06:17.173066+00,04389b4c-0ff0-48e2-8a45-1b2b9cc65b24,Traditional Climbing,5
2674,2024-03-02 05:06:17.173066+00,04389b4c-0ff0-48e2-8a45-1b2b9cc65b24,Renaissance Faire,3
2675,2024-03-02 05:06:17.173066+00,04389b4c-0ff0-48e2-8a45-1b2b9cc65b24,Medical Social Work,1
2676,2024-03-02 05:06:17.173066+00,04389b4c-0ff0-48e2-8a45-1b2b9cc65b24,Kickball,1
2677,2024-03-02 05:06:17.173066+00,04389b4c-0ff0-48e2-8a45-1b2b9cc65b24,Time Trialing,5
2678,2024-03-02 05:06:17.173066+00,dd95313a-fd3b-468e-8367-dc229ebac5d0,Astrophysics,1
2679,2024-03-02 05:06:17.173066+00,dd95313a-fd3b-468e-8367-dc229ebac5d0,Knitting,1
2680,2024-03-02 05:06:17.173066+00,dd95313a-fd3b-468e-8367-dc229ebac5d0,Cocktail Making,1
2681,2024-03-02 05:06:17.173066+00,dd95313a-fd3b-468e-8367-dc229ebac5d0,Bird Watching,1
2682,2024-03-02 05:06:17.173066+00,dd95313a-fd3b-468e-8367-dc229ebac5d0,Animation,5
2683,2024-03-02 05:06:17.173066+00,cec540be-1d16-4a27-8b4d-fe258ef9cc0c,Roller Derby,2
2684,2024-03-02 05:06:17.173066+00,cec540be-1d16-4a27-8b4d-fe258ef9cc0c,Paint Horse Racing,3
2685,2024-03-02 05:06:17.173066+00,cec540be-1d16-4a27-8b4d-fe258ef9cc0c,Sailing,4
2686,2024-03-02 05:06:17.173066+00,cec540be-1d16-4a27-8b4d-fe258ef9cc0c,Rally Racing,3
2687,2024-03-02 05:06:17.173066+00,0bf0bab6-a3ea-4e1e-8ff1-ae05a004769f,Paper Making,4
2688,2024-03-02 05:06:17.173066+00,0bf0bab6-a3ea-4e1e-8ff1-ae05a004769f,Augmented Reality,2
2689,2024-03-02 05:06:17.173066+00,0bf0bab6-a3ea-4e1e-8ff1-ae05a004769f,Kelp Diving,4
2690,2024-03-02 05:06:17.173066+00,0bf0bab6-a3ea-4e1e-8ff1-ae05a004769f,Blogging,5
2691,2024-03-02 05:06:17.173066+00,0bf0bab6-a3ea-4e1e-8ff1-ae05a004769f,Art Therapy,1
2692,2024-03-02 05:06:17.173066+00,0bf0bab6-a3ea-4e1e-8ff1-ae05a004769f,Ice Hockey,2
2693,2024-03-02 05:06:17.173066+00,bdd412c1-c4ed-42d3-adea-f7543d64399e,Table Tennis,2
2694,2024-03-02 05:06:17.173066+00,bdd412c1-c4ed-42d3-adea-f7543d64399e,Australian Rules Football,2
2695,2024-03-02 05:06:17.173066+00,bdd412c1-c4ed-42d3-adea-f7543d64399e,Ice Diving,4
2696,2024-03-02 05:06:17.173066+00,bdd412c1-c4ed-42d3-adea-f7543d64399e,Wreck Diving,3
2697,2024-03-02 05:06:17.173066+00,bdd412c1-c4ed-42d3-adea-f7543d64399e,Herbalism,3
2698,2024-03-02 05:06:17.173066+00,732cb508-771c-4c0e-8f08-234281b6cce9,Hospitality,1
2699,2024-03-02 05:06:17.173066+00,732cb508-771c-4c0e-8f08-234281b6cce9,Dog Sledding,2
2700,2024-03-02 05:06:17.173066+00,732cb508-771c-4c0e-8f08-234281b6cce9,Immigrant Rights Advocacy,3
2701,2024-03-02 05:06:17.173066+00,732cb508-771c-4c0e-8f08-234281b6cce9,Cultural Tourism,5
2702,2024-03-02 05:06:17.173066+00,732cb508-771c-4c0e-8f08-234281b6cce9,Composting,2
2703,2024-03-02 05:06:17.173066+00,732cb508-771c-4c0e-8f08-234281b6cce9,Ice Dancing,5
2704,2024-03-02 05:06:17.173066+00,4c487189-5360-4478-91fb-b679964f3516,Ice Climbing,4
2705,2024-03-02 05:06:17.173066+00,4c487189-5360-4478-91fb-b679964f3516,Psychodrama,3
2706,2024-03-02 05:06:17.173066+00,4c487189-5360-4478-91fb-b679964f3516,Bodyboarding,3
2707,2024-03-02 05:06:17.173066+00,4c487189-5360-4478-91fb-b679964f3516,Game Design,5
2708,2024-03-02 05:06:17.173066+00,4c487189-5360-4478-91fb-b679964f3516,Sport Climbing,2
2709,2024-03-02 05:06:17.173066+00,d39ad7cf-4ac4-4460-9646-5ecb160efb08,Cross-Country Mountain Biking,1
2710,2024-03-02 05:06:17.173066+00,d39ad7cf-4ac4-4460-9646-5ecb160efb08,White Water Rafting,3
2711,2024-03-02 05:06:17.173066+00,d39ad7cf-4ac4-4460-9646-5ecb160efb08,Mental Health,4
2712,2024-03-02 05:06:17.173066+00,d39ad7cf-4ac4-4460-9646-5ecb160efb08,Windsurfing,1
2713,2024-03-02 05:06:17.173066+00,d39ad7cf-4ac4-4460-9646-5ecb160efb08,Pole Bending,2
2714,2024-03-02 05:06:17.173066+00,7f4fa1a5-c959-4ad1-abaf-3993429db0fe,Space Exploration,2
2715,2024-03-02 05:06:17.173066+00,7f4fa1a5-c959-4ad1-abaf-3993429db0fe,Historical European Martial Arts,4
2716,2024-03-02 05:06:17.173066+00,7f4fa1a5-c959-4ad1-abaf-3993429db0fe,Street Hockey,1
2717,2024-03-02 05:06:17.173066+00,7f4fa1a5-c959-4ad1-abaf-3993429db0fe,Astronomy,3
2718,2024-03-02 05:06:17.173066+00,e2e4b270-995c-45bc-8013-27896e20c889,Boxing,3
2719,2024-03-02 05:06:17.173066+00,e2e4b270-995c-45bc-8013-27896e20c889,Gravel Grinding,4
2720,2024-03-02 05:06:17.173066+00,e2e4b270-995c-45bc-8013-27896e20c889,Advocacy Social Work,4
2721,2024-03-02 05:06:17.173066+00,e2e4b270-995c-45bc-8013-27896e20c889,Woodworking,5
2722,2024-03-02 05:06:17.173066+00,e2e4b270-995c-45bc-8013-27896e20c889,Anthropology,1
2723,2024-03-02 05:06:17.173066+00,763e727c-1e50-4e9a-aab9-a925d5a46434,Wakeboarding,5
2724,2024-03-02 05:06:17.173066+00,763e727c-1e50-4e9a-aab9-a925d5a46434,DevOps,4
2725,2024-03-02 05:06:17.173066+00,763e727c-1e50-4e9a-aab9-a925d5a46434,Hang Gliding,5
2726,2024-03-02 05:06:17.173066+00,763e727c-1e50-4e9a-aab9-a925d5a46434,Fashion Illustration,4
2727,2024-03-02 05:06:17.173066+00,763e727c-1e50-4e9a-aab9-a925d5a46434,UI/UX Design,3
2728,2024-03-02 05:06:17.173066+00,763e727c-1e50-4e9a-aab9-a925d5a46434,Geography,5
2729,2024-03-02 05:06:17.173066+00,ed19a9aa-f9ea-4c4d-9401-f4b9f27b6557,Cycling,5
2730,2024-03-02 05:06:17.173066+00,ed19a9aa-f9ea-4c4d-9401-f4b9f27b6557,Rock Climbing,5
2731,2024-03-02 05:06:17.173066+00,ed19a9aa-f9ea-4c4d-9401-f4b9f27b6557,Canopying,5
2732,2024-03-02 05:06:17.173066+00,ed19a9aa-f9ea-4c4d-9401-f4b9f27b6557,Sport Climbing,1
2733,2024-03-02 05:06:17.173066+00,ed19a9aa-f9ea-4c4d-9401-f4b9f27b6557,Vert BMX,5
2734,2024-03-02 05:06:17.173066+00,ed19a9aa-f9ea-4c4d-9401-f4b9f27b6557,Rope Climbing,1
2735,2024-03-02 05:06:17.173066+00,b36a53c8-c0c8-4df7-a864-26c8012a5c9b,Eating Disorders Counseling,3
2736,2024-03-02 05:06:17.173066+00,b36a53c8-c0c8-4df7-a864-26c8012a5c9b,Bungee Jumping,1
2737,2024-03-02 05:06:17.173066+00,b36a53c8-c0c8-4df7-a864-26c8012a5c9b,Agriculture,2
2738,2024-03-02 05:06:17.173066+00,b36a53c8-c0c8-4df7-a864-26c8012a5c9b,Shrimp Diving,2
2739,2024-03-02 05:06:17.173066+00,f6184840-e621-40fe-9d47-67e10c624f78,Blockchain,1
2740,2024-03-02 05:06:17.173066+00,f6184840-e621-40fe-9d47-67e10c624f78,Hydrofoil Surfing,3
2741,2024-03-02 05:06:17.173066+00,f6184840-e621-40fe-9d47-67e10c624f78,Bodyboarding,5
2742,2024-03-02 05:06:17.173066+00,f6184840-e621-40fe-9d47-67e10c624f78,Trail Riding,1
2743,2024-03-02 05:06:17.173066+00,f6184840-e621-40fe-9d47-67e10c624f78,Pottery,1
2744,2024-03-02 05:06:17.173066+00,9cf96481-51d8-4592-8c3a-481e1465567b,Beekeeping,5
2745,2024-03-02 05:06:17.173066+00,9cf96481-51d8-4592-8c3a-481e1465567b,Kiteboarding,1
2746,2024-03-02 05:06:17.173066+00,9cf96481-51d8-4592-8c3a-481e1465567b,Rafting,4
2747,2024-03-02 05:06:17.173066+00,9cf96481-51d8-4592-8c3a-481e1465567b,Bronc Riding,5
2748,2024-03-02 05:06:17.173066+00,9cf96481-51d8-4592-8c3a-481e1465567b,Monster Truck Racing,3
2749,2024-03-02 05:06:17.173066+00,9cf96481-51d8-4592-8c3a-481e1465567b,Parasailing,1
2750,2024-03-02 05:06:17.173066+00,e212b228-905b-4824-8e46-6c5d888f0311,Upcycling,2
2751,2024-03-02 05:06:17.173066+00,e212b228-905b-4824-8e46-6c5d888f0311,LGBTQ+ Support Groups,4
2752,2024-03-02 05:06:17.173066+00,e212b228-905b-4824-8e46-6c5d888f0311,Stoolball,1
2753,2024-03-02 05:06:17.173066+00,e212b228-905b-4824-8e46-6c5d888f0311,Recycling,5
2754,2024-03-02 05:06:17.173066+00,e212b228-905b-4824-8e46-6c5d888f0311,Women's Support Groups,3
2755,2024-03-02 05:06:17.173066+00,e1d693ba-7027-4dde-9aa3-a88fcde3ec92,Maternal and Child Health,5
2756,2024-03-02 05:06:17.173066+00,e1d693ba-7027-4dde-9aa3-a88fcde3ec92,Game Development,3
2757,2024-03-02 05:06:17.173066+00,e1d693ba-7027-4dde-9aa3-a88fcde3ec92,LGBTQ+ Support Groups,2
2758,2024-03-02 05:06:17.173066+00,e1d693ba-7027-4dde-9aa3-a88fcde3ec92,Bookbinding,3
2759,2024-03-02 05:06:17.173066+00,e1d693ba-7027-4dde-9aa3-a88fcde3ec92,Spelunking,2
2760,2024-03-02 05:06:17.173066+00,e1d693ba-7027-4dde-9aa3-a88fcde3ec92,River Diving,3
2761,2024-03-02 05:06:17.173066+00,89b05be6-ef54-4cf2-b556-2fabb742a618,Perfume Making,5
2762,2024-03-02 05:06:17.173066+00,89b05be6-ef54-4cf2-b556-2fabb742a618,Yoga,1
2763,2024-03-02 05:06:17.173066+00,89b05be6-ef54-4cf2-b556-2fabb742a618,Investing,2
2764,2024-03-02 05:06:17.173066+00,89b05be6-ef54-4cf2-b556-2fabb742a618,Landscape Architecture,3
2765,2024-03-02 05:06:17.173066+00,cd05107f-b394-4e2b-87cb-ccc195a253b2,Literature,5
2766,2024-03-02 05:06:17.173066+00,cd05107f-b394-4e2b-87cb-ccc195a253b2,Supermoto,1
2767,2024-03-02 05:06:17.173066+00,cd05107f-b394-4e2b-87cb-ccc195a253b2,Playing an Instrument,2
2768,2024-03-02 05:06:17.173066+00,cd05107f-b394-4e2b-87cb-ccc195a253b2,Roller Skating,2
2769,2024-03-02 05:06:17.173066+00,cd05107f-b394-4e2b-87cb-ccc195a253b2,Copywriting,3
2770,2024-03-02 05:06:17.173066+00,cd05107f-b394-4e2b-87cb-ccc195a253b2,Speleology,1
2771,2024-03-02 05:06:17.173066+00,0655a44d-57af-47f1-bf72-c20351ad9914,Photography,3
2772,2024-03-02 05:06:17.173066+00,0655a44d-57af-47f1-bf72-c20351ad9914,Barrel Racing,3
2773,2024-03-02 05:06:17.173066+00,0655a44d-57af-47f1-bf72-c20351ad9914,Baseball,2
2774,2024-03-02 05:06:17.173066+00,0655a44d-57af-47f1-bf72-c20351ad9914,Surfing,2
2775,2024-03-02 05:06:17.173066+00,14ef0c59-c91b-4da7-b777-8417fe22317f,Snorkeling,4
2776,2024-03-02 05:06:17.173066+00,14ef0c59-c91b-4da7-b777-8417fe22317f,Cycle Speedway,2
2777,2024-03-02 05:06:17.173066+00,14ef0c59-c91b-4da7-b777-8417fe22317f,Monster Truck Racing,3
2778,2024-03-02 05:06:17.173066+00,14ef0c59-c91b-4da7-b777-8417fe22317f,Human Resources,5
2779,2024-03-02 05:06:17.173066+00,176a0b4e-1372-48d5-bcfb-1ab1ffed7012,Etymology,2
2780,2024-03-02 05:06:17.173066+00,176a0b4e-1372-48d5-bcfb-1ab1ffed7012,Bungee Jumping,4
2781,2024-03-02 05:06:17.173066+00,176a0b4e-1372-48d5-bcfb-1ab1ffed7012,Clinical Social Work,5
2782,2024-03-02 05:06:17.173066+00,176a0b4e-1372-48d5-bcfb-1ab1ffed7012,BMX,4
2783,2024-03-02 05:06:17.173066+00,176a0b4e-1372-48d5-bcfb-1ab1ffed7012,Marriage Counseling,4
2784,2024-03-02 05:06:17.173066+00,c9322db0-7025-49d5-bfc9-7e1cd1f37c66,Formula One,2
2785,2024-03-02 05:06:17.173066+00,c9322db0-7025-49d5-bfc9-7e1cd1f37c66,Flag Football,5
2786,2024-03-02 05:06:17.173066+00,c9322db0-7025-49d5-bfc9-7e1cd1f37c66,Fencing,5
2787,2024-03-02 05:06:17.173066+00,c9322db0-7025-49d5-bfc9-7e1cd1f37c66,Community Gardens,4
2788,2024-03-02 05:06:17.173066+00,c9322db0-7025-49d5-bfc9-7e1cd1f37c66,Skeleton,1
2789,2024-03-02 05:06:17.173066+00,89084a46-fede-4a62-a2ce-de1eb8bc1f64,Top Rope Climbing,1
2790,2024-03-02 05:06:17.173066+00,89084a46-fede-4a62-a2ce-de1eb8bc1f64,Cycling,1
2791,2024-03-02 05:06:17.173066+00,89084a46-fede-4a62-a2ce-de1eb8bc1f64,Obstacle Course Racing,2
2792,2024-03-02 05:06:17.173066+00,89084a46-fede-4a62-a2ce-de1eb8bc1f64,Digital Art,5
2793,2024-03-02 05:06:17.173066+00,89084a46-fede-4a62-a2ce-de1eb8bc1f64,Boxing,3
2794,2024-03-02 05:06:17.173066+00,d4e671b8-74ed-4139-b80a-ff595fcf6cf2,Project Management,3
2795,2024-03-02 05:06:17.173066+00,d4e671b8-74ed-4139-b80a-ff595fcf6cf2,LGBTQ+ Support Groups,3
2796,2024-03-02 05:06:17.173066+00,d4e671b8-74ed-4139-b80a-ff595fcf6cf2,Parkour,4
2797,2024-03-02 05:06:17.173066+00,d4e671b8-74ed-4139-b80a-ff595fcf6cf2,Advertising,2
2798,2024-03-02 05:06:17.173066+00,d4e671b8-74ed-4139-b80a-ff595fcf6cf2,Special Needs Parenting Support Groups,4
2799,2024-03-02 05:06:17.173066+00,d4e671b8-74ed-4139-b80a-ff595fcf6cf2,Ice Hockey,1
2800,2024-03-02 05:06:17.173066+00,18ef472e-954e-46aa-825a-230411a2a580,Artistic Cycling,2
2801,2024-03-02 05:06:17.173066+00,18ef472e-954e-46aa-825a-230411a2a580,Beekeeping,5
2802,2024-03-02 05:06:17.173066+00,18ef472e-954e-46aa-825a-230411a2a580,Social Media,1
2803,2024-03-02 05:06:17.173066+00,18ef472e-954e-46aa-825a-230411a2a580,International Relations,5
2804,2024-03-02 05:06:17.173066+00,5a7d6a27-33d6-4db2-a4cc-a60873e75795,Cave Diving,1
2805,2024-03-02 05:06:17.173066+00,5a7d6a27-33d6-4db2-a4cc-a60873e75795,Big Wall Climbing,5
2806,2024-03-02 05:06:17.173066+00,5a7d6a27-33d6-4db2-a4cc-a60873e75795,Meteorology,4
2807,2024-03-02 05:06:17.173066+00,5a7d6a27-33d6-4db2-a4cc-a60873e75795,Parenting Support Groups,3
2808,2024-03-02 05:06:17.173066+00,5a7d6a27-33d6-4db2-a4cc-a60873e75795,Sea Diving,1
2809,2024-03-02 05:06:17.173066+00,90954d35-c7c3-415c-8405-c26c5f853076,Cancer Support Groups,3
2810,2024-03-02 05:06:17.173066+00,90954d35-c7c3-415c-8405-c26c5f853076,Ocean Trench Diving,1
2811,2024-03-02 05:06:17.173066+00,90954d35-c7c3-415c-8405-c26c5f853076,Acting,2
2812,2024-03-02 05:06:17.173066+00,90954d35-c7c3-415c-8405-c26c5f853076,Bereavement Counseling,5
2813,2024-03-02 05:06:17.173066+00,90954d35-c7c3-415c-8405-c26c5f853076,Cognitive Psychology,5
2814,2024-03-02 05:06:17.173066+00,a9681b52-c9e1-43e7-9a26-0a43382161fd,Yoga,4
2815,2024-03-02 05:06:17.173066+00,a9681b52-c9e1-43e7-9a26-0a43382161fd,Rugby League,3
2816,2024-03-02 05:06:17.173066+00,a9681b52-c9e1-43e7-9a26-0a43382161fd,Golf,2
2817,2024-03-02 05:06:17.173066+00,a9681b52-c9e1-43e7-9a26-0a43382161fd,Futsal,1
2818,2024-03-02 05:06:17.173066+00,a9681b52-c9e1-43e7-9a26-0a43382161fd,Aesthetics,5
2819,2024-03-02 05:06:17.173066+00,a9681b52-c9e1-43e7-9a26-0a43382161fd,Motorcycle Racing,2
2820,2024-03-02 05:06:17.173066+00,3051eb08-c85a-49ae-8413-e6907a56e5ce,Snorkeling,2
2821,2024-03-02 05:06:17.173066+00,3051eb08-c85a-49ae-8413-e6907a56e5ce,Juggling,1
2822,2024-03-02 05:06:17.173066+00,3051eb08-c85a-49ae-8413-e6907a56e5ce,Time Trialing,2
2823,2024-03-02 05:06:17.173066+00,3051eb08-c85a-49ae-8413-e6907a56e5ce,Artistic Cycling,4
2824,2024-03-02 05:06:17.173066+00,bb1f4037-2eaf-4be4-a6f3-bcba76416dba,Divorce Counseling,5
2825,2024-03-02 05:06:17.173066+00,bb1f4037-2eaf-4be4-a6f3-bcba76416dba,International Social Work,3
2826,2024-03-02 05:06:17.173066+00,bb1f4037-2eaf-4be4-a6f3-bcba76416dba,Speed Climbing,5
2827,2024-03-02 05:06:17.173066+00,bb1f4037-2eaf-4be4-a6f3-bcba76416dba,Calligraphy,5
2828,2024-03-02 05:06:17.173066+00,f69f47b7-7ed5-40ac-8672-7b1f9dbdb933,Psychoanalysis,4
2829,2024-03-02 05:06:17.173066+00,f69f47b7-7ed5-40ac-8672-7b1f9dbdb933,Bungee Jumping,5
2830,2024-03-02 05:06:17.173066+00,f69f47b7-7ed5-40ac-8672-7b1f9dbdb933,Stage Racing,3
2831,2024-03-02 05:06:17.173066+00,f69f47b7-7ed5-40ac-8672-7b1f9dbdb933,Ornithology,3
2832,2024-03-02 05:06:17.173066+00,8c83ba17-a946-4bde-b3f8-bbb6cd31815f,IndyCar,3
2833,2024-03-02 05:06:17.173066+00,8c83ba17-a946-4bde-b3f8-bbb6cd31815f,Military Social Work,3
2834,2024-03-02 05:06:17.173066+00,8c83ba17-a946-4bde-b3f8-bbb6cd31815f,Octopus Diving,5
2835,2024-03-02 05:06:17.173066+00,8c83ba17-a946-4bde-b3f8-bbb6cd31815f,Adoption Support Groups,1
2836,2024-03-02 05:06:17.173066+00,b0a2eab2-98fd-46b7-afa0-14444d376eb8,Translation,5
2837,2024-03-02 05:06:17.173066+00,b0a2eab2-98fd-46b7-afa0-14444d376eb8,Proofreading,5
2838,2024-03-02 05:06:17.173066+00,b0a2eab2-98fd-46b7-afa0-14444d376eb8,Ice Skating,3
2839,2024-03-02 05:06:17.173066+00,b0a2eab2-98fd-46b7-afa0-14444d376eb8,Cloud Computing,3
2840,2024-03-02 05:06:17.173066+00,b0a2eab2-98fd-46b7-afa0-14444d376eb8,Typography,1
2841,2024-03-02 05:06:17.173066+00,b0a2eab2-98fd-46b7-afa0-14444d376eb8,Lobster Diving,5
2842,2024-03-02 05:06:17.173066+00,9123a0cd-bcd7-4d81-acca-532e8ea670ba,Mountain Running,3
2843,2024-03-02 05:06:17.173066+00,9123a0cd-bcd7-4d81-acca-532e8ea670ba,Content Writing,1
2844,2024-03-02 05:06:17.173066+00,9123a0cd-bcd7-4d81-acca-532e8ea670ba,Geothermal Energy,1
2845,2024-03-02 05:06:17.173066+00,9123a0cd-bcd7-4d81-acca-532e8ea670ba,Disability Rights Advocacy,2
2846,2024-03-02 05:06:17.173066+00,9123a0cd-bcd7-4d81-acca-532e8ea670ba,Sailing,5
2847,2024-03-02 05:06:17.173066+00,9123a0cd-bcd7-4d81-acca-532e8ea670ba,Wreck Diving,1
2848,2024-03-02 05:06:17.173066+00,61c6e90c-423f-49d6-b258-8a303d5df197,Women's Support Groups,4
2849,2024-03-02 05:06:17.173066+00,61c6e90c-423f-49d6-b258-8a303d5df197,Microfinance,5
2850,2024-03-02 05:06:17.173066+00,61c6e90c-423f-49d6-b258-8a303d5df197,Australian Rules Football,5
2851,2024-03-02 05:06:17.173066+00,61c6e90c-423f-49d6-b258-8a303d5df197,Outdoor Climbing,3
2852,2024-03-02 05:06:17.173066+00,7019927c-d403-4dad-b12e-de08d6671faa,Positive Psychology,2
2853,2024-03-02 05:06:17.173066+00,7019927c-d403-4dad-b12e-de08d6671faa,Adventure Tourism,3
2854,2024-03-02 05:06:17.173066+00,7019927c-d403-4dad-b12e-de08d6671faa,Road Cycling,4
2855,2024-03-02 05:06:17.173066+00,7019927c-d403-4dad-b12e-de08d6671faa,Off-Road Racing,4
2856,2024-03-02 05:06:17.173066+00,7019927c-d403-4dad-b12e-de08d6671faa,Marsh Diving,1
2857,2024-03-02 05:06:17.173066+00,24cfd886-4af9-4a96-af93-73fb0476e3df,Epidemiology,5
2858,2024-03-02 05:06:17.173066+00,24cfd886-4af9-4a96-af93-73fb0476e3df,Web Design,5
2859,2024-03-02 05:06:17.173066+00,24cfd886-4af9-4a96-af93-73fb0476e3df,Kelp Diving,3
2860,2024-03-02 05:06:17.173066+00,24cfd886-4af9-4a96-af93-73fb0476e3df,Space Tourism,3
2861,2024-03-02 05:06:17.173066+00,24cfd886-4af9-4a96-af93-73fb0476e3df,Positive Psychology,1
2862,2024-03-02 05:06:17.173066+00,0db16208-80ee-4a57-b967-99b4e385aaa2,Corporate Social Responsibility,1
2863,2024-03-02 05:06:17.173066+00,0db16208-80ee-4a57-b967-99b4e385aaa2,Drone Piloting,2
2864,2024-03-02 05:06:17.173066+00,0db16208-80ee-4a57-b967-99b4e385aaa2,Golf,5
2865,2024-03-02 05:06:17.173066+00,0db16208-80ee-4a57-b967-99b4e385aaa2,Bodyboarding,5
2866,2024-03-02 05:06:17.173066+00,0db16208-80ee-4a57-b967-99b4e385aaa2,Adventure Tourism,3
2867,2024-03-02 05:06:17.173066+00,0db16208-80ee-4a57-b967-99b4e385aaa2,Track Cycling,3
2868,2024-03-02 05:06:17.173066+00,881c63f2-50db-43f0-bfa4-4de92d0603f9,Knitting,2
2869,2024-03-02 05:06:17.173066+00,881c63f2-50db-43f0-bfa4-4de92d0603f9,Architecture,3
2870,2024-03-02 05:06:17.173066+00,881c63f2-50db-43f0-bfa4-4de92d0603f9,Console Gaming,2
2871,2024-03-02 05:06:17.173066+00,881c63f2-50db-43f0-bfa4-4de92d0603f9,Marriage Counseling,5
2872,2024-03-02 05:06:17.173066+00,a3a8196a-0b58-4143-b193-b0595c1845e2,Fjord Diving,1
2873,2024-03-02 05:06:17.173066+00,a3a8196a-0b58-4143-b193-b0595c1845e2,Hydropower,5
2874,2024-03-02 05:06:17.173066+00,a3a8196a-0b58-4143-b193-b0595c1845e2,Genealogy,4
2875,2024-03-02 05:06:17.173066+00,a3a8196a-0b58-4143-b193-b0595c1845e2,Mountain Biking,1
2876,2024-03-02 05:06:17.173066+00,424283d8-e7fc-4dcb-9e21-b09be39b0a91,Baseball,1
2877,2024-03-02 05:06:17.173066+00,424283d8-e7fc-4dcb-9e21-b09be39b0a91,Ultramarathon,3
2878,2024-03-02 05:06:17.173066+00,424283d8-e7fc-4dcb-9e21-b09be39b0a91,Horse Racing,3
2879,2024-03-02 05:06:17.173066+00,424283d8-e7fc-4dcb-9e21-b09be39b0a91,Big Data,5
2880,2024-03-02 05:06:17.173066+00,a8baed30-05c6-4978-b264-6a34edc94203,Figure Skating,3
2881,2024-03-02 05:06:17.173066+00,a8baed30-05c6-4978-b264-6a34edc94203,Model Making,3
2882,2024-03-02 05:06:17.173066+00,a8baed30-05c6-4978-b264-6a34edc94203,Mounted Games,5
2883,2024-03-02 05:06:17.173066+00,a8baed30-05c6-4978-b264-6a34edc94203,Sustainability,3
2884,2024-03-02 05:06:17.173066+00,a8baed30-05c6-4978-b264-6a34edc94203,Rugby League,1
2885,2024-03-02 05:06:17.173066+00,81c4581e-3d08-439c-bab6-b6729172372d,Table Tennis,5
2886,2024-03-02 05:06:17.173066+00,81c4581e-3d08-439c-bab6-b6729172372d,Computer Building,3
2887,2024-03-02 05:06:17.173066+00,81c4581e-3d08-439c-bab6-b6729172372d,Iceberg Diving,2
2888,2024-03-02 05:06:17.173066+00,81c4581e-3d08-439c-bab6-b6729172372d,Horse Racing,4
2889,2024-03-02 05:06:17.173066+00,81c4581e-3d08-439c-bab6-b6729172372d,Endurance Riding,1
2890,2024-03-02 05:06:17.173066+00,53cab46f-4e9a-43cf-88ae-5f1eee853292,Drag Racing,5
2891,2024-03-02 05:06:17.173066+00,53cab46f-4e9a-43cf-88ae-5f1eee853292,Cultural Tourism,3
2892,2024-03-02 05:06:17.173066+00,53cab46f-4e9a-43cf-88ae-5f1eee853292,Solar Energy,4
2893,2024-03-02 05:06:17.173066+00,53cab46f-4e9a-43cf-88ae-5f1eee853292,Wreck Diving,4
2894,2024-03-02 05:06:17.173066+00,53cab46f-4e9a-43cf-88ae-5f1eee853292,Network Administration,3
2895,2024-03-02 05:06:17.173066+00,53cab46f-4e9a-43cf-88ae-5f1eee853292,Skydiving,4
2896,2024-03-02 05:06:17.173066+00,3480f33f-2e99-45b8-810e-7d4870f74a9a,Social Justice Advocacy,1
2897,2024-03-02 05:06:17.173066+00,3480f33f-2e99-45b8-810e-7d4870f74a9a,Single Parent Support Groups,5
2898,2024-03-02 05:06:17.173066+00,3480f33f-2e99-45b8-810e-7d4870f74a9a,Rope Climbing,2
2899,2024-03-02 05:06:17.173066+00,3480f33f-2e99-45b8-810e-7d4870f74a9a,Deep Diving,2
2900,2024-03-02 05:06:17.173066+00,8686ac66-b1ae-487f-a211-e34b540a683a,Cognitive Psychology,5
2901,2024-03-02 05:06:17.173066+00,8686ac66-b1ae-487f-a211-e34b540a683a,Aromatherapy,3
2902,2024-03-02 05:06:17.173066+00,8686ac66-b1ae-487f-a211-e34b540a683a,Naturopathy,2
2903,2024-03-02 05:06:17.173066+00,8686ac66-b1ae-487f-a211-e34b540a683a,Polo Cross,1
2904,2024-03-02 05:06:17.173066+00,8686ac66-b1ae-487f-a211-e34b540a683a,Vlogging,5
2905,2024-03-02 05:06:17.173066+00,8686ac66-b1ae-487f-a211-e34b540a683a,Numerology,1
2906,2024-03-02 05:06:17.173066+00,cb055069-b9b6-4d17-a20c-3be8512be952,Freestyle Roller Skating,1
2907,2024-03-02 05:06:17.173066+00,cb055069-b9b6-4d17-a20c-3be8512be952,Fair Trade,4
2908,2024-03-02 05:06:17.173066+00,cb055069-b9b6-4d17-a20c-3be8512be952,Marsh Diving,3
2909,2024-03-02 05:06:17.173066+00,cb055069-b9b6-4d17-a20c-3be8512be952,Pleasure Riding,4
2910,2024-03-02 05:06:17.173066+00,cb055069-b9b6-4d17-a20c-3be8512be952,Rock Climbing,2
2911,2024-03-02 05:06:17.173066+00,cb055069-b9b6-4d17-a20c-3be8512be952,Time Trialing,3
2912,2024-03-02 05:06:17.173066+00,7f7276ad-3dfb-48f3-b932-e5dc98c74a96,Organic Farming,4
2913,2024-03-02 05:06:17.173066+00,7f7276ad-3dfb-48f3-b932-e5dc98c74a96,Child Abuse Counseling,2
2914,2024-03-02 05:06:17.173066+00,7f7276ad-3dfb-48f3-b932-e5dc98c74a96,Art Therapy,4
2915,2024-03-02 05:06:17.173066+00,7f7276ad-3dfb-48f3-b932-e5dc98c74a96,Dolphin Diving,4
2916,2024-03-02 05:06:17.173066+00,7f7276ad-3dfb-48f3-b932-e5dc98c74a96,Collecting,4
2917,2024-03-02 05:06:17.173066+00,014f5326-8b9a-4e18-bd94-7c3cbcff16d8,Solar Energy,2
2918,2024-03-02 05:06:17.173066+00,014f5326-8b9a-4e18-bd94-7c3cbcff16d8,Pond Diving,4
2919,2024-03-02 05:06:17.173066+00,014f5326-8b9a-4e18-bd94-7c3cbcff16d8,Ocean Trench Diving,3
2920,2024-03-02 05:06:17.173066+00,014f5326-8b9a-4e18-bd94-7c3cbcff16d8,Yoga,5
2921,2024-03-02 05:06:17.173066+00,014f5326-8b9a-4e18-bd94-7c3cbcff16d8,Aesthetics,2
2922,2024-03-02 05:06:17.173066+00,31cbe4ff-68d8-4506-9175-6592ab289ec4,Fashion Illustration,2
2923,2024-03-02 05:06:17.173066+00,31cbe4ff-68d8-4506-9175-6592ab289ec4,Tai Chi,2
2924,2024-03-02 05:06:17.173066+00,31cbe4ff-68d8-4506-9175-6592ab289ec4,Street Racing,3
2925,2024-03-02 05:06:17.173066+00,31cbe4ff-68d8-4506-9175-6592ab289ec4,Parkour,4
2926,2024-03-02 05:06:17.173066+00,7b344e50-44be-4627-8905-65ef59c864aa,Coral Diving,2
2927,2024-03-02 05:06:17.173066+00,7b344e50-44be-4627-8905-65ef59c864aa,Trail Riding,5
2928,2024-03-02 05:06:17.173066+00,7b344e50-44be-4627-8905-65ef59c864aa,Motorcycle Mechanics,4
2929,2024-03-02 05:06:17.173066+00,7b344e50-44be-4627-8905-65ef59c864aa,Speed Skating,4
2930,2024-03-02 05:06:17.173066+00,4df015de-c4a2-4a85-91cd-83cab7e3cf08,Etymology,5
2931,2024-03-02 05:06:17.173066+00,4df015de-c4a2-4a85-91cd-83cab7e3cf08,Zero Waste Lifestyle,2
2932,2024-03-02 05:06:17.173066+00,4df015de-c4a2-4a85-91cd-83cab7e3cf08,Parenting Classes,2
2933,2024-03-02 05:06:17.173066+00,4df015de-c4a2-4a85-91cd-83cab7e3cf08,Acting,1
2934,2024-03-02 05:06:17.173066+00,4df015de-c4a2-4a85-91cd-83cab7e3cf08,Bouldering,2
2935,2024-03-02 05:06:17.173066+00,e7a5f096-7b3d-42c0-8024-c3a4104335be,Origami,3
2936,2024-03-02 05:06:17.173066+00,e7a5f096-7b3d-42c0-8024-c3a4104335be,Interior Design,1
2937,2024-03-02 05:06:17.173066+00,e7a5f096-7b3d-42c0-8024-c3a4104335be,Child Development Classes,2
2938,2024-03-02 05:06:17.173066+00,e7a5f096-7b3d-42c0-8024-c3a4104335be,Network Administration,5
2939,2024-03-02 05:06:17.173066+00,1f77240b-4a3e-4f9a-a18c-aee3bdd7973a,Genealogy,4
2940,2024-03-02 05:06:17.173066+00,1f77240b-4a3e-4f9a-a18c-aee3bdd7973a,Cyclocross,3
2941,2024-03-02 05:06:17.173066+00,1f77240b-4a3e-4f9a-a18c-aee3bdd7973a,Luge,4
2942,2024-03-02 05:06:17.173066+00,1f77240b-4a3e-4f9a-a18c-aee3bdd7973a,Existential Therapy,1
2943,2024-03-02 05:06:17.173066+00,1f77240b-4a3e-4f9a-a18c-aee3bdd7973a,Graphic Design,4
2944,2024-03-02 05:06:17.173066+00,44406230-2d0d-4070-9662-1b6b363481f3,Card Games,5
2945,2024-03-02 05:06:17.173066+00,44406230-2d0d-4070-9662-1b6b363481f3,Car Mechanics,4
2946,2024-03-02 05:06:17.173066+00,44406230-2d0d-4070-9662-1b6b363481f3,BMX,4
2947,2024-03-02 05:06:17.173066+00,44406230-2d0d-4070-9662-1b6b363481f3,Marketing,1
2948,2024-03-02 05:06:17.173066+00,d9f80345-d551-4f2b-bf76-fd345ab04a63,Renaissance Faire,5
2949,2024-03-02 05:06:17.173066+00,d9f80345-d551-4f2b-bf76-fd345ab04a63,Dirt Jumping,3
2950,2024-03-02 05:06:17.173066+00,d9f80345-d551-4f2b-bf76-fd345ab04a63,Fashion Photography,4
2951,2024-03-02 05:06:17.173066+00,d9f80345-d551-4f2b-bf76-fd345ab04a63,Stream Diving,2
2952,2024-03-02 05:06:17.173066+00,d9f80345-d551-4f2b-bf76-fd345ab04a63,Entrepreneurship,4
2953,2024-03-02 05:06:17.173066+00,d9f80345-d551-4f2b-bf76-fd345ab04a63,Project Management,4
2954,2024-03-02 05:06:17.173066+00,73cf65d9-d9bb-4f31-a90c-143e9dfa1cd5,Footvolley,5
2955,2024-03-02 05:06:17.173066+00,73cf65d9-d9bb-4f31-a90c-143e9dfa1cd5,Rocketry,1
2956,2024-03-02 05:06:17.173066+00,73cf65d9-d9bb-4f31-a90c-143e9dfa1cd5,Artistic Roller Skating,2
2957,2024-03-02 05:06:17.173066+00,73cf65d9-d9bb-4f31-a90c-143e9dfa1cd5,Drama,4
2958,2024-03-02 05:06:17.173066+00,05b8658e-0b93-40f1-bac6-5cd62ea287e0,Child Psychology,1
2959,2024-03-02 05:06:17.173066+00,05b8658e-0b93-40f1-bac6-5cd62ea287e0,Formula One,3
2960,2024-03-02 05:06:17.173066+00,05b8658e-0b93-40f1-bac6-5cd62ea287e0,Console Gaming,4
2961,2024-03-02 05:06:17.173066+00,05b8658e-0b93-40f1-bac6-5cd62ea287e0,Skydiving,3
2962,2024-03-02 05:06:17.173066+00,08332584-e0ff-4879-9bb8-52b79b15dae1,Machine Learning,2
2963,2024-03-02 05:06:17.173066+00,08332584-e0ff-4879-9bb8-52b79b15dae1,Fashion Illustration,1
2964,2024-03-02 05:06:17.173066+00,08332584-e0ff-4879-9bb8-52b79b15dae1,DevOps,2
2965,2024-03-02 05:06:17.173066+00,08332584-e0ff-4879-9bb8-52b79b15dae1,International Social Work,3
2966,2024-03-02 05:06:17.173066+00,bf9566d2-d3cb-4dbc-adef-520ab8a5dfc8,Board Games,2
2967,2024-03-02 05:06:17.173066+00,bf9566d2-d3cb-4dbc-adef-520ab8a5dfc8,Penetration Testing,5
2968,2024-03-02 05:06:17.173066+00,bf9566d2-d3cb-4dbc-adef-520ab8a5dfc8,Social Media,5
2969,2024-03-02 05:06:17.173066+00,bf9566d2-d3cb-4dbc-adef-520ab8a5dfc8,YouTube,2
2970,2024-03-02 05:06:17.173066+00,bab602fd-3143-4234-b2bd-70cf976955ef,Ice Climbing,5
2971,2024-03-02 05:06:17.173066+00,bab602fd-3143-4234-b2bd-70cf976955ef,Calligraphy,2
2972,2024-03-02 05:06:17.173066+00,bab602fd-3143-4234-b2bd-70cf976955ef,Wildlife Conservation,1
2973,2024-03-02 05:06:17.173066+00,bab602fd-3143-4234-b2bd-70cf976955ef,Tent Pegging,4
2974,2024-03-02 05:06:17.173066+00,cec312cc-0ef9-4941-871f-be5689096876,Waterfall Climbing,2
2975,2024-03-02 05:06:17.173066+00,cec312cc-0ef9-4941-871f-be5689096876,Base Jumping,2
2976,2024-03-02 05:06:17.173066+00,cec312cc-0ef9-4941-871f-be5689096876,Epidemiology,1
2977,2024-03-02 05:06:17.173066+00,cec312cc-0ef9-4941-871f-be5689096876,Truck Racing,3
2978,2024-03-02 05:06:17.173066+00,cec312cc-0ef9-4941-871f-be5689096876,Chess,5
2979,2024-03-02 05:06:17.173066+00,cec312cc-0ef9-4941-871f-be5689096876,Quilting,3
2980,2024-03-02 05:06:17.173066+00,44cb7b37-ae49-40fa-a2e3-9d21abe1b2fe,Massage Therapy,1
2981,2024-03-02 05:06:17.173066+00,44cb7b37-ae49-40fa-a2e3-9d21abe1b2fe,Track Cycling,2
2982,2024-03-02 05:06:17.173066+00,44cb7b37-ae49-40fa-a2e3-9d21abe1b2fe,Industrial-Organizational Psychology,4
2983,2024-03-02 05:06:17.173066+00,44cb7b37-ae49-40fa-a2e3-9d21abe1b2fe,Geriatric Psychology,4
2984,2024-03-02 05:06:17.173066+00,44cb7b37-ae49-40fa-a2e3-9d21abe1b2fe,Homeopathy,3
2985,2024-03-02 05:06:17.173066+00,44cb7b37-ae49-40fa-a2e3-9d21abe1b2fe,Snowboarding,4
2986,2024-03-02 05:06:17.173066+00,31e8b986-8307-4ef8-a761-025503eb66e0,Wrestling,1
2987,2024-03-02 05:06:17.173066+00,31e8b986-8307-4ef8-a761-025503eb66e0,Fashion Design,5
2988,2024-03-02 05:06:17.173066+00,31e8b986-8307-4ef8-a761-025503eb66e0,Archaeology,5
2989,2024-03-02 05:06:17.173066+00,31e8b986-8307-4ef8-a761-025503eb66e0,Steeplechase,5
2990,2024-03-02 05:06:17.173066+00,31e8b986-8307-4ef8-a761-025503eb66e0,Pottery,5
2991,2024-03-02 05:06:17.173066+00,74dc665a-877d-4702-a692-f0747d34c892,Island Diving,2
2992,2024-03-02 05:06:17.173066+00,74dc665a-877d-4702-a692-f0747d34c892,Ray Diving,4
2993,2024-03-02 05:06:17.173066+00,74dc665a-877d-4702-a692-f0747d34c892,Ice Dancing,1
2994,2024-03-02 05:06:17.173066+00,74dc665a-877d-4702-a692-f0747d34c892,Racing,2
2995,2024-03-02 05:06:17.173066+00,74dc665a-877d-4702-a692-f0747d34c892,Appaloosa Racing,4
2996,2024-03-02 05:06:17.173066+00,74dc665a-877d-4702-a692-f0747d34c892,Running,2
2997,2024-03-02 05:06:17.173066+00,b8759d1f-1a75-41d5-8182-a339ed543583,Sustainable Fashion,1
2998,2024-03-02 05:06:17.173066+00,b8759d1f-1a75-41d5-8182-a339ed543583,Infant Care Classes,4
2999,2024-03-02 05:06:17.173066+00,b8759d1f-1a75-41d5-8182-a339ed543583,Lead Climbing,3
3000,2024-03-02 05:06:17.173066+00,b8759d1f-1a75-41d5-8182-a339ed543583,Pottery,2
